Id,IsDeleted,MasterRecordId,Name,Type,ParentId,BillingStreet,BillingCity,BillingState,BillingPostalCode,BillingCountry,BillingLatitude,BillingLongitude,BillingGeocodeAccuracy,BillingAddress,ShippingStreet,ShippingCity,ShippingState,ShippingPostalCode,ShippingCountry,ShippingLatitude,ShippingLongitude,ShippingGeocodeAccuracy,ShippingAddress,Phone,Fax,Website,PhotoUrl,Industry,AnnualRevenue,NumberOfEmployees,Description,OwnerId,CreatedDate,CreatedById,LastModifiedDate,LastModifiedById,SystemModstamp,LastActivityDate,LastViewedDate,LastReferencedDate,IsCustomerPortal,Jigsaw,JigsawCompanyId,AccountSource,DunsNumber,Tradestyle,NaicsCode,NaicsDesc,YearStarted,SicDesc,DandbCompanyId,External_id__c,Classification__c,Employee_Identification_Number__c,Branch__c
001Ec00000FzlUdIAJ,,,Sample Account for Entitlements,,,,,,,,,,,,,,,,,,,,,,,,/services/images/photo/001Ec00000FzlUdIAJ,,,,,005Ec000004o8yHIAQ,2024-01-19T09:42:24.000+0000,005Ec000004o8yHIAQ,2024-01-19T09:42:24.000+0000,005Ec000004o8yHIAQ,2024-01-19T09:42:24.000+0000,,,,,,,,,,,,,,,,,,
001Ec00000GGw3hIAD,,,Walker Henson and Compton,,,757 William Pass Apt. 782,Katherinemouth,ID,74929,United States,,,,"{""city"":""Katherinemouth"",""country"":""United States"",""geocodeAccuracy"":null,""latitude"":null,""longitude"":null,""postalCode"":""74929"",""state"":""ID"",""street"":""757 William Pass Apt. 782""}",,,,,,,,,,3456588094,,www.WalkerHensonandCompton.com,/services/images/photo/001Ec00000GGw3hIAD,Finance,6759560,577,,005Ec000004oBPNIA2,2024-01-22T14:49:34.000+0000,005Ec000004oBPNIA2,2024-01-22T15:17:54.000+0000,005Ec000004oBPNIA2,2024-01-23T17:49:49.000+0000,2023-11-24,,,,,,,,,,,,,,crm_account_0,Prospect,EIN_11227,a00Ec000009WFurIAG
001Ec00000GGw3iIAD,,,Patterson-Hansen,,,10980 Levine Gateway Apt. 485,Floresberg,WV,15285,United States,,,,"{""city"":""Floresberg"",""country"":""United States"",""geocodeAccuracy"":null,""latitude"":null,""longitude"":null,""postalCode"":""15285"",""state"":""WV"",""street"":""10980 Levine Gateway Apt. 485""}",,,,,,,,,,8153015090,,www.Patterson-Hansen.com,/services/images/photo/001Ec00000GGw3iIAD,Healthcare,4028720,468,,005Ec000004oBPNIA2,2024-01-22T14:49:34.000+0000,005Ec000004oBPNIA2,2024-01-22T15:17:54.000+0000,005Ec000004oBPNIA2,2024-01-23T17:49:49.000+0000,2023-02-19,,,,,,,,,,,,,,crm_account_1,Prospect,EIN_59483,a00Ec000009WFurIAG
001Ec00000GGw3jIAD,,,Chapman Fowler and Lee,,,572 Ryan Glens Suite 089,Samanthaton,AK,95745,United States,,,,"{""city"":""Samanthaton"",""country"":""United States"",""geocodeAccuracy"":null,""latitude"":null,""longitude"":null,""postalCode"":""95745"",""state"":""AK"",""street"":""572 Ryan Glens Suite 089""}",,,,,,,,,,1101012886,,www.ChapmanFowlerandLee.com,/services/images/photo/001Ec00000GGw3jIAD,Healthcare,4514117,650,,005Ec000004oBPNIA2,2024-01-22T14:49:34.000+0000,005Ec000004oBPNIA2,2024-01-22T15:17:54.000+0000,005Ec000004oBPNIA2,2024-01-23T17:49:49.000+0000,2023-08-28,,,,,,,,,,,,,,crm_account_2,Prospect,EIN_40400,a00Ec000009WFusIAG
001Ec00000GGw3kIAD,,,Warner-Jackson,,,8304 Raymond Park Suite 749,Port Tiffany,ME,58313,United States,,,,"{""city"":""Port Tiffany"",""country"":""United States"",""geocodeAccuracy"":null,""latitude"":null,""longitude"":null,""postalCode"":""58313"",""state"":""ME"",""street"":""8304 Raymond Park Suite 749""}",,,,,,,,,,9868877075,,www.Warner-Jackson.com,/services/images/photo/001Ec00000GGw3kIAD,Finance,4741784,663,,005Ec000004oBPNIA2,2024-01-22T14:49:34.000+0000,005Ec000004oBPNIA2,2024-01-22T15:17:54.000+0000,005Ec000004oBPNIA2,2024-01-22T15:17:54.000+0000,,,,,,,,,,,,,,,crm_account_3,Customer,EIN_39931,a00Ec000009WFutIAG
001Ec00000GGw3lIAD,,,Robinson-Dodson,,,8079 Gibson Lock Apt. 792,Stewartfort,MP,95851,United States,,,,"{""city"":""Stewartfort"",""country"":""United States"",""geocodeAccuracy"":null,""latitude"":null,""longitude"":null,""postalCode"":""95851"",""state"":""MP"",""street"":""8079 Gibson Lock Apt. 792""}",,,,,,,,,,9034063414,,www.Robinson-Dodson.com,/services/images/photo/001Ec00000GGw3lIAD,Retail,2743056,984,,005Ec000004oBPNIA2,2024-01-22T14:49:34.000+0000,005Ec000004oBPNIA2,2024-01-22T15:17:54.000+0000,005Ec000004oBPNIA2,2024-01-22T15:17:54.000+0000,,,,,,,,,,,,,,,crm_account_4,Prospect,EIN_70800,a00Ec000009WFusIAG
001Ec00000GGw3mIAD,,,Ryan-Avila,,,0840 Lauren Mountains Suite 221,North Edward,TN,70482,United States,,,,"{""city"":""North Edward"",""country"":""United States"",""geocodeAccuracy"":null,""latitude"":null,""longitude"":null,""postalCode"":""70482"",""state"":""TN"",""street"":""0840 Lauren Mountains Suite 221""}",,,,,,,,,,3889584175,,www.Ryan-Avila.com,/services/images/photo/001Ec00000GGw3mIAD,Manufacturing,7265183,334,,005Ec000004oBPNIA2,2024-01-22T14:49:34.000+0000,005Ec000004oBPNIA2,2024-01-22T15:17:54.000+0000,005Ec000004oBPNIA2,2024-01-23T17:49:49.000+0000,2023-06-24,,,,,,,,,,,,,,crm_account_5,Customer,EIN_41969,a00Ec000009WFuqIAG
001Ec00000GGw3nIAD,,,Good PLC,,,9835 Alexis Extension,Port Anthonyton,AK,26544,United States,,,,"{""city"":""Port Anthonyton"",""country"":""United States"",""geocodeAccuracy"":null,""latitude"":null,""longitude"":null,""postalCode"":""26544"",""state"":""AK"",""street"":""9835 Alexis Extension""}",,,,,,,,,,3830499262,,www.GoodPLC.com,/services/images/photo/001Ec00000GGw3nIAD,Education,4213633,252,,005Ec000004oBPNIA2,2024-01-22T14:49:34.000+0000,005Ec000004oBPNIA2,2024-01-22T15:17:54.000+0000,005Ec000004oBPNIA2,2024-01-23T17:49:49.000+0000,2023-10-09,,,,,,,,,,,,,,crm_account_6,Prospect,EIN_68678,a00Ec000009WFutIAG
001Ec00000GGw3oIAD,,,Johnson Avery and Smith,,,30335 Pratt Ranch Apt. 438,Robertview,VA,85699,United States,,,,"{""city"":""Robertview"",""country"":""United States"",""geocodeAccuracy"":null,""latitude"":null,""longitude"":null,""postalCode"":""85699"",""state"":""VA"",""street"":""30335 Pratt Ranch Apt. 438""}",,,,,,,,,,46792156,,www.JohnsonAveryandSmith.com,/services/images/photo/001Ec00000GGw3oIAD,Technology,2477439,750,,005Ec000004oBPNIA2,2024-01-22T14:49:34.000+0000,005Ec000004oBPNIA2,2024-01-22T15:17:54.000+0000,005Ec000004oBPNIA2,2024-01-23T17:49:49.000+0000,2023-07-21,2024-01-25T05:19:19.000+0000,2024-01-25T05:19:19.000+0000,,,,,,,,,,,,crm_account_7,Customer,EIN_15900,a00Ec000009WFuqIAG
001Ec00000GGw3pIAD,,,Todd Garrett and Spence,,,2182 William Centers Suite 714,Port Scott,IN,45057,United States,,,,"{""city"":""Port Scott"",""country"":""United States"",""geocodeAccuracy"":null,""latitude"":null,""longitude"":null,""postalCode"":""45057"",""state"":""IN"",""street"":""2182 William Centers Suite 714""}",,,,,,,,,,557120447,,www.ToddGarrettandSpence.com,/services/images/photo/001Ec00000GGw3pIAD,Finance,1689080,941,,005Ec000004oBPNIA2,2024-01-22T14:49:34.000+0000,005Ec000004oBPNIA2,2024-01-22T15:17:54.000+0000,005Ec000004oBPNIA2,2024-01-23T17:49:49.000+0000,2023-09-16,,,,,,,,,,,,,,crm_account_8,Customer,EIN_22786,a00Ec000009WFuqIAG
001Ec00000GGw3qIAD,,,Lopez Sullivan and Smith,,,53934 Ramos Groves Suite 193,Kyleside,CO,21838,United States,,,,"{""city"":""Kyleside"",""country"":""United States"",""geocodeAccuracy"":null,""latitude"":null,""longitude"":null,""postalCode"":""21838"",""state"":""CO"",""street"":""53934 Ramos Groves Suite 193""}",,,,,,,,,,9314824191,,www.LopezSullivanandSmith.com,/services/images/photo/001Ec00000GGw3qIAD,Hospitality,7973719,36,,005Ec000004oBPNIA2,2024-01-22T14:49:34.000+0000,005Ec000004oBPNIA2,2024-01-22T15:17:54.000+0000,005Ec000004oBPNIA2,2024-01-23T17:49:49.000+0000,2023-04-03,,,,,,,,,,,,,,crm_account_9,Customer,EIN_71853,a00Ec000009WFuqIAG
001Ec00000GGw3rIAD,,,Rodriguez Faulkner and Johnson,,,19349 Higgins Islands Apt. 135,Barnettland,MN,93312,United States,,,,"{""city"":""Barnettland"",""country"":""United States"",""geocodeAccuracy"":null,""latitude"":null,""longitude"":null,""postalCode"":""93312"",""state"":""MN"",""street"":""19349 Higgins Islands Apt. 135""}",,,,,,,,,,9237422581,,www.RodriguezFaulknerandJohnson.com,/services/images/photo/001Ec00000GGw3rIAD,Retail,2995377,808,,005Ec000004oBPNIA2,2024-01-22T14:49:34.000+0000,005Ec000004oBPNIA2,2024-01-22T15:17:54.000+0000,005Ec000004oBPNIA2,2024-01-22T15:17:54.000+0000,,,,,,,,,,,,,,,crm_account_10,Customer,EIN_74723,a00Ec000009WFuqIAG
001Ec00000GGw3sIAD,,,Hill Group,,,29759 Vaughn Mount Apt. 442,East Alyssa,MP,36010,United States,,,,"{""city"":""East Alyssa"",""country"":""United States"",""geocodeAccuracy"":null,""latitude"":null,""longitude"":null,""postalCode"":""36010"",""state"":""MP"",""street"":""29759 Vaughn Mount Apt. 442""}",,,,,,,,,,5925664599,,www.HillGroup.com,/services/images/photo/001Ec00000GGw3sIAD,Hospitality,7233225,797,,005Ec000004oBPNIA2,2024-01-22T14:49:34.000+0000,005Ec000004oBPNIA2,2024-01-22T15:17:54.000+0000,005Ec000004oBPNIA2,2024-01-22T15:17:54.000+0000,,,,,,,,,,,,,,,crm_account_11,Customer,EIN_90610,a00Ec000009WFurIAG
001Ec00000GGw3tIAD,,,Nicholson-Miller,,,82835 Allen Street Suite 378,South Shelleyport,OR,15204,United States,,,,"{""city"":""South Shelleyport"",""country"":""United States"",""geocodeAccuracy"":null,""latitude"":null,""longitude"":null,""postalCode"":""15204"",""state"":""OR"",""street"":""82835 Allen Street Suite 378""}",,,,,,,,,,3400333586,,www.Nicholson-Miller.com,/services/images/photo/001Ec00000GGw3tIAD,Education,3426453,54,,005Ec000004oBPNIA2,2024-01-22T14:49:34.000+0000,005Ec000004oBPNIA2,2024-01-22T15:17:54.000+0000,005Ec000004oBPNIA2,2024-01-23T17:49:49.000+0000,2023-12-04,,,,,,,,,,,,,,crm_account_12,Prospect,EIN_95403,a00Ec000009WFurIAG
001Ec00000GGw3uIAD,,,Richardson Baker and Ford,,,1786 Vanessa Prairie,Simonburgh,VA,87804,United States,,,,"{""city"":""Simonburgh"",""country"":""United States"",""geocodeAccuracy"":null,""latitude"":null,""longitude"":null,""postalCode"":""87804"",""state"":""VA"",""street"":""1786 Vanessa Prairie""}",,,,,,,,,,224463026,,www.RichardsonBakerandFord.com,/services/images/photo/001Ec00000GGw3uIAD,Hospitality,2394869,433,,005Ec000004oBPNIA2,2024-01-22T14:49:34.000+0000,005Ec000004oBPNIA2,2024-01-22T15:17:54.000+0000,005Ec000004oBPNIA2,2024-01-22T15:17:54.000+0000,,,,,,,,,,,,,,,crm_account_13,Customer,EIN_73714,a00Ec000009WFutIAG
001Ec00000GGw3vIAD,,,Bryan-Brown,,,99680 Murray Stream Apt. 996,New Amberbury,AK,24915,United States,,,,"{""city"":""New Amberbury"",""country"":""United States"",""geocodeAccuracy"":null,""latitude"":null,""longitude"":null,""postalCode"":""24915"",""state"":""AK"",""street"":""99680 Murray Stream Apt. 996""}",,,,,,,,,,4592378825,,www.Bryan-Brown.com,/services/images/photo/001Ec00000GGw3vIAD,Healthcare,7276478,823,,005Ec000004oBPNIA2,2024-01-22T14:49:34.000+0000,005Ec000004oBPNIA2,2024-01-22T15:17:54.000+0000,005Ec000004oBPNIA2,2024-01-23T17:49:49.000+0000,2022-12-28,,,,,,,,,,,,,,crm_account_14,Customer,EIN_84552,a00Ec000009WFupIAG
001Ec00000GGw3wIAD,,,Grimes-Williams,,,69153 Amy Crossroad Apt. 598,Greeneview,CA,23446,United States,,,,"{""city"":""Greeneview"",""country"":""United States"",""geocodeAccuracy"":null,""latitude"":null,""longitude"":null,""postalCode"":""23446"",""state"":""CA"",""street"":""69153 Amy Crossroad Apt. 598""}",,,,,,,,,,7827677090,,www.Grimes-Williams.com,/services/images/photo/001Ec00000GGw3wIAD,Healthcare,2421130,827,,005Ec000004oBPNIA2,2024-01-22T14:49:34.000+0000,005Ec000004oBPNIA2,2024-01-22T15:17:54.000+0000,005Ec000004oBPNIA2,2024-01-23T17:49:49.000+0000,2023-05-25,,,,,,,,,,,,,,crm_account_15,Customer,EIN_28138,a00Ec000009WFutIAG
001Ec00000GGw3xIAD,,,Parks Carter and Collins,,,218 Hall Place Suite 230,East Carlport,IL,23614,United States,,,,"{""city"":""East Carlport"",""country"":""United States"",""geocodeAccuracy"":null,""latitude"":null,""longitude"":null,""postalCode"":""23614"",""state"":""IL"",""street"":""218 Hall Place Suite 230""}",,,,,,,,,,2021561136,,www.ParksCarterandCollins.com,/services/images/photo/001Ec00000GGw3xIAD,Technology,3265146,4,,005Ec000004oBPNIA2,2024-01-22T14:49:34.000+0000,005Ec000004oBPNIA2,2024-01-22T15:17:54.000+0000,005Ec000004oBPNIA2,2024-01-22T15:17:54.000+0000,,,,,,,,,,,,,,,crm_account_16,Customer,EIN_17005,a00Ec000009WFupIAG
001Ec00000GGw3yIAD,,,Allen PLC,,,9807 Brian Via,West Cody,AK,79365,United States,,,,"{""city"":""West Cody"",""country"":""United States"",""geocodeAccuracy"":null,""latitude"":null,""longitude"":null,""postalCode"":""79365"",""state"":""AK"",""street"":""9807 Brian Via""}",,,,,,,,,,8522826626,,www.AllenPLC.com,/services/images/photo/001Ec00000GGw3yIAD,Hospitality,7549787,959,,005Ec000004oBPNIA2,2024-01-22T14:49:34.000+0000,005Ec000004oBPNIA2,2024-01-22T15:17:54.000+0000,005Ec000004oBPNIA2,2024-01-23T17:49:49.000+0000,2023-04-08,,,,,,,,,,,,,,crm_account_17,Prospect,EIN_51852,a00Ec000009WFuqIAG
001Ec00000GGw3zIAD,,,Vasquez Moreno and Fields,,,97682 Cindy Overpass Apt. 330,Alishachester,SD,70332,United States,,,,"{""city"":""Alishachester"",""country"":""United States"",""geocodeAccuracy"":null,""latitude"":null,""longitude"":null,""postalCode"":""70332"",""state"":""SD"",""street"":""97682 Cindy Overpass Apt. 330""}",,,,,,,,,,3589821522,,www.VasquezMorenoandFields.com,/services/images/photo/001Ec00000GGw3zIAD,Finance,2830626,726,,005Ec000004oBPNIA2,2024-01-22T14:49:34.000+0000,005Ec000004oBPNIA2,2024-01-22T15:17:54.000+0000,005Ec000004oBPNIA2,2024-01-23T17:49:49.000+0000,2023-07-19,,,,,,,,,,,,,,crm_account_18,Customer,EIN_36852,a00Ec000009WFurIAG
001Ec00000GGw40IAD,,,Moody and Sons,,,23790 Jeffery Fork,New Lisamouth,MS,19030,United States,,,,"{""city"":""New Lisamouth"",""country"":""United States"",""geocodeAccuracy"":null,""latitude"":null,""longitude"":null,""postalCode"":""19030"",""state"":""MS"",""street"":""23790 Jeffery Fork""}",,,,,,,,,,1241216669,,www.MoodyandSons.com,/services/images/photo/001Ec00000GGw40IAD,Hospitality,7941678,735,,005Ec000004oBPNIA2,2024-01-22T14:49:34.000+0000,005Ec000004oBPNIA2,2024-01-22T15:17:54.000+0000,005Ec000004oBPNIA2,2024-01-23T17:49:49.000+0000,2022-03-26,,,,,,,,,,,,,,crm_account_19,Customer,EIN_82248,a00Ec000009WFupIAG
001Ec00000GINb1IAH,,,Lead Account,,,,,,,,,,,,,,,,,,,,,,,,/services/images/photo/001Ec00000GINb1IAH,,,,,005Ec000004oBPNIA2,2024-01-22T20:32:59.000+0000,005Ec000004oBPNIA2,2024-01-22T20:33:50.000+0000,005Ec000004oBPNIA2,2024-01-22T20:33:50.000+0000,,2024-01-25T05:19:04.000+0000,2024-01-25T05:19:04.000+0000,,,,,,,,,,,,Lead_Account,,,
