Id,IsDeleted,CampaignId,LeadId,ContactId,Status,HasResponded,CreatedDate,CreatedById,LastModifiedDate,LastModifiedById,SystemModstamp,FirstRespondedDate,Salutation,Name,FirstName,LastName,Title,Street,City,State,PostalCode,Country,Email,Phone,Fax,MobilePhone,Description,DoNotCall,HasOptedOutOfEmail,HasOptedOutOfFax,LeadSource,CompanyOrAccount,Type,LeadOrContactId,LeadOrContactOwnerId,External_id__c,Added_Date__c
00vEc000000jeIlIAI,,701Ec00000GJDl7IAH,00QEc00000BBafDMAT,,Sent,,2024-01-23T02:46:47.000+0000,005Ec000004oBPNIA2,2024-01-23T02:46:47.000+0000,005Ec000004oBPNIA2,2024-01-23T02:46:47.000+0000,,Mrs.,Judith Diaz,Judith,Diaz,,6634 Brett Cliffs,Kathleentown,OR,48671,US,judith.diaz@example.com,3233623825,,,,,,,Cold Call,001Ec00000GINb1IAH,Lead,00QEc00000BBafDMAT,005Ec000004oBPNIA2,Campaign_Member,2023-06-18
00vEc000000jeIqIAI,,701Ec00000GJDl7IAH,,003Ec00000Cz310IAB,Sent,,2024-01-23T02:46:47.000+0000,005Ec000004oBPNIA2,2024-01-23T02:46:47.000+0000,005Ec000004oBPNIA2,2024-01-23T02:46:47.000+0000,,Mrs.,Cheryl Estes,Cheryl,Estes,,5284 Hays Road,Markburgh,VT,18784,US,cheryl.estes@example.com,5391320569,,,,,,,,,Contact,003Ec00000Cz310IAB,005Ec000004oBPNIA2,Campaign_Member,2023-07-01
00vEc000000jeIvIAI,,701Ec00000GJDl7IAH,,003Ec00000Cz31QIAR,Sent,,2024-01-23T02:46:47.000+0000,005Ec000004oBPNIA2,2024-01-23T02:46:47.000+0000,005Ec000004oBPNIA2,2024-01-23T02:46:47.000+0000,,Ms.,Amanda Garcia,Amanda,Garcia,,4657 Teresa Wall,Millerburgh,ND,54359,US,amanda.garcia@example.com,3767972409,,,,,,,,,Contact,003Ec00000Cz31QIAR,005Ec000004oBPNIA2,Campaign_Member,2023-07-01
00vEc000000jeIxIAI,,701Ec00000GJDl7IAH,,003Ec00000Cz31kIAB,Sent,,2024-01-23T02:46:47.000+0000,005Ec000004oBPNIA2,2024-01-23T02:46:47.000+0000,005Ec000004oBPNIA2,2024-01-23T02:46:47.000+0000,,Ms.,Emily Pearson,Emily,Pearson,,124 Fuller Summit Apt. 722,East Saraburgh,AR,8109,US,emily.pearson@example.com,3927807933,,,,,,,,,Contact,003Ec00000Cz31kIAB,005Ec000004oBPNIA2,Campaign_Member,2023-07-15
00vEc000000jeJJIAY,,701Ec00000GJDl7IAH,,003Ec00000Cz312IAB,Sent,,2024-01-23T02:46:47.000+0000,005Ec000004oBPNIA2,2024-01-23T02:46:47.000+0000,005Ec000004oBPNIA2,2024-01-23T02:46:47.000+0000,,Mrs.,Steven Leonard,Steven,Leonard,,0227 Fernandez Ford,New Morganfurt,DC,58896,US,steven.leonard@example.com,4005836984,,,,,,,,,Contact,003Ec00000Cz312IAB,005Ec000004oBPNIA2,Campaign_Member,2023-07-05
00vEc000000jeJYIAY,,701Ec00000GJDl7IAH,,003Ec00000Cz31ZIAR,Sent,,2024-01-23T02:46:47.000+0000,005Ec000004oBPNIA2,2024-01-23T02:46:47.000+0000,005Ec000004oBPNIA2,2024-01-23T02:46:47.000+0000,,Ms.,Jennifer Boyle,Jennifer,Boyle,,5447 Jamie Underpass Suite 072,North Nicole,AR,1825,US,jennifer.boyle@example.com,3202117806,,,,,,,,,Contact,003Ec00000Cz31ZIAR,005Ec000004oBPNIA2,Campaign_Member,2023-07-03
00vEc000000jeIhIAI,,701Ec00000GJDl8IAH,00QEc00000BBaesMAD,,Sent,,2024-01-23T02:46:47.000+0000,005Ec000004oBPNIA2,2024-01-23T02:46:47.000+0000,005Ec000004oBPNIA2,2024-01-23T02:46:47.000+0000,,Ms.,Jeffrey Peterson,Jeffrey,Peterson,,5570 Hughes Junctions,Jacksonchester,FL,63833,US,jeffrey.peterson@example.com,5114912051,,,,,,,Cold Call,001Ec00000GINb1IAH,Lead,00QEc00000BBaesMAD,005Ec000004oBPNIA2,Campaign_Member,2023-08-07
00vEc000000jeIoIAI,,701Ec00000GJDl8IAH,00QEc00000BBaeiMAD,,Sent,,2024-01-23T02:46:47.000+0000,005Ec000004oBPNIA2,2024-01-23T02:46:47.000+0000,005Ec000004oBPNIA2,2024-01-23T02:46:47.000+0000,,Mr.,Dana Johnson,Dana,Johnson,,7713 Swanson Wells Suite 032,North Matthew,MA,23823,US,dana.johnson@example.com,9590587572,,,,,,,Referral,001Ec00000GINb1IAH,Lead,00QEc00000BBaeiMAD,005Ec000004oBPNIA2,Campaign_Member,2023-07-22
00vEc000000jeIyIAI,,701Ec00000GJDl8IAH,00QEc00000BBaf3MAD,,Sent,,2024-01-23T02:46:47.000+0000,005Ec000004oBPNIA2,2024-01-23T02:46:47.000+0000,005Ec000004oBPNIA2,2024-01-23T02:46:47.000+0000,,Mr.,Andrew Henderson,Andrew,Henderson,,4079 Rhodes Road,East Waltertown,SC,54682,US,andrew.henderson@example.com,5456793107,,,,,,,Online Form,001Ec00000GINb1IAH,Lead,00QEc00000BBaf3MAD,005Ec000004oBPNIA2,Campaign_Member,2023-08-10
00vEc000000jeJ0IAI,,701Ec00000GJDl8IAH,,003Ec00000Cz30dIAB,Sent,,2024-01-23T02:46:47.000+0000,005Ec000004oBPNIA2,2024-01-23T02:46:47.000+0000,005Ec000004oBPNIA2,2024-01-23T02:46:47.000+0000,,Ms.,Michael Shah,Michael,Shah,,0165 Weaver Mountains Apt. 140,Davidfurt,MA,38866,US,michael.shah@example.com,9515602625,,,,,,,,,Contact,003Ec00000Cz30dIAB,005Ec000004oBPNIA2,Campaign_Member,2023-08-05
00vEc000000jeJ5IAI,,701Ec00000GJDl8IAH,,003Ec00000Cz31DIAR,Sent,,2024-01-23T02:46:47.000+0000,005Ec000004oBPNIA2,2024-01-23T02:46:47.000+0000,005Ec000004oBPNIA2,2024-01-23T02:46:47.000+0000,,Dr.,Stephen Hall,Stephen,Hall,,8378 Martinez Junctions Apt. 556,North Hunterberg,KY,32995,US,stephen.hall@example.com,2621675889,,,,,,,,,Contact,003Ec00000Cz31DIAR,005Ec000004oBPNIA2,Campaign_Member,2023-08-03
00vEc000000jeJ9IAI,,701Ec00000GJDl8IAH,00QEc00000BBaf8MAD,,Sent,,2024-01-23T02:46:47.000+0000,005Ec000004oBPNIA2,2024-01-23T02:46:47.000+0000,005Ec000004oBPNIA2,2024-01-23T02:46:47.000+0000,,Mr.,Anne Lopez,Anne,Lopez,,578 Chad Villages Suite 849,Port Aprilfort,LA,87543,US,anne.lopez@example.com,141150363,,,,,,,Cold Call,001Ec00000GINb1IAH,Lead,00QEc00000BBaf8MAD,005Ec000004oBPNIA2,Campaign_Member,2023-08-11
00vEc000000jeJBIAY,,701Ec00000GJDl8IAH,00QEc00000BBaf9MAD,,Sent,,2024-01-23T02:46:47.000+0000,005Ec000004oBPNIA2,2024-01-23T02:46:47.000+0000,005Ec000004oBPNIA2,2024-01-23T02:46:47.000+0000,,Dr.,Derrick Munoz,Derrick,Munoz,,64809 Audrey Curve Apt. 647,Stephanieville,AR,77567,US,derrick.munoz@example.com,8891232175,,,,,,,Cold Call,001Ec00000GINb1IAH,Lead,00QEc00000BBaf9MAD,005Ec000004oBPNIA2,Campaign_Member,2023-08-08
00vEc000000jeJDIAY,,701Ec00000GJDl8IAH,,003Ec00000Cz30yIAB,Sent,,2024-01-23T02:46:47.000+0000,005Ec000004oBPNIA2,2024-01-23T02:46:47.000+0000,005Ec000004oBPNIA2,2024-01-23T02:46:47.000+0000,,Mr.,Daniel Franklin,Daniel,Franklin,,261 Carroll Passage Suite 163,Morrisland,MI,25251,US,daniel.franklin@example.com,2281792412,,,,,,,,,Contact,003Ec00000Cz30yIAB,005Ec000004oBPNIA2,Campaign_Member,2023-08-12
00vEc000000jeJIIAY,,701Ec00000GJDl8IAH,00QEc00000BBaewMAD,,Sent,,2024-01-23T02:46:47.000+0000,005Ec000004oBPNIA2,2024-01-23T02:46:47.000+0000,005Ec000004oBPNIA2,2024-01-23T02:46:47.000+0000,,Ms.,Lauren Orozco,Lauren,Orozco,,89577 Jacqueline Cove,Lake Haleyport,TX,61089,US,lauren.orozco@example.com,482753810,,,,,,,Referral,001Ec00000GINb1IAH,Lead,00QEc00000BBaewMAD,005Ec000004oBPNIA2,Campaign_Member,2023-08-06
00vEc000000jeJVIAY,,701Ec00000GJDl8IAH,00QEc00000BBaeXMAT,,Sent,,2024-01-23T02:46:47.000+0000,005Ec000004oBPNIA2,2024-01-23T02:46:47.000+0000,005Ec000004oBPNIA2,2024-01-23T02:46:47.000+0000,,Mr.,William Lee,William,Lee,,84011 Porter Springs Suite 653,East Kellyburgh,ME,11709,US,william.lee@example.com,8683896283,,,,,,,Online Form,001Ec00000GINb1IAH,Lead,00QEc00000BBaeXMAT,005Ec000004oBPNIA2,Campaign_Member,2023-07-27
00vEc000000jeJXIAY,,701Ec00000GJDl8IAH,00QEc00000BBaexMAD,,Sent,,2024-01-23T02:46:47.000+0000,005Ec000004oBPNIA2,2024-01-23T02:46:47.000+0000,005Ec000004oBPNIA2,2024-01-23T02:46:47.000+0000,,Dr.,Michael Thompson,Michael,Thompson,,80468 Jones Loaf,Rodgerston,PW,31591,US,michael.thompson@example.com,1464628384,,,,,,,Cold Call,001Ec00000GINb1IAH,Lead,00QEc00000BBaexMAD,005Ec000004oBPNIA2,Campaign_Member,2023-07-23
00vEc000000jeIZIAY,,701Ec00000GJDl9IAH,,003Ec00000Cz30hIAB,Sent,,2024-01-23T02:46:47.000+0000,005Ec000004oBPNIA2,2024-01-23T02:46:47.000+0000,005Ec000004oBPNIA2,2024-01-23T02:46:47.000+0000,,Ms.,Aaron Bryant,Aaron,Bryant,,2909 Randy Mews Suite 087,Mcdonaldville,CT,50574,US,aaron.bryant@example.com,2456431846,,,,,,,,Chapman Fowler and Lee,Contact,003Ec00000Cz30hIAB,005Ec000004oBPNIA2,Campaign_Member,2023-03-25
00vEc000000jeIfIAI,,701Ec00000GJDl9IAH,00QEc00000BBaeeMAD,,Sent,,2024-01-23T02:46:47.000+0000,005Ec000004oBPNIA2,2024-01-23T02:46:47.000+0000,005Ec000004oBPNIA2,2024-01-23T02:46:47.000+0000,,Mr.,Linda Bell,Linda,Bell,,05044 Samantha Route,West Nicholasmouth,FM,35410,US,linda.bell@example.com,1827527564,,,,,,,Cold Call,001Ec00000GINb1IAH,Lead,00QEc00000BBaeeMAD,005Ec000004oBPNIA2,Campaign_Member,2023-03-10
00vEc000000jeIjIAI,,701Ec00000GJDl9IAH,,003Ec00000Cz312IAB,Sent,,2024-01-23T02:46:47.000+0000,005Ec000004oBPNIA2,2024-01-23T02:46:47.000+0000,005Ec000004oBPNIA2,2024-01-23T02:46:47.000+0000,,Mrs.,Steven Leonard,Steven,Leonard,,0227 Fernandez Ford,New Morganfurt,DC,58896,US,steven.leonard@example.com,4005836984,,,,,,,,,Contact,003Ec00000Cz312IAB,005Ec000004oBPNIA2,Campaign_Member,2023-03-20
00vEc000000jeItIAI,,701Ec00000GJDl9IAH,00QEc00000BBafSMAT,,Sent,,2024-01-23T02:46:47.000+0000,005Ec000004oBPNIA2,2024-01-23T02:46:47.000+0000,005Ec000004oBPNIA2,2024-01-23T02:46:47.000+0000,,Dr.,William Baird,William,Baird,,7420 Bowman Rapids,West Amandaborough,MO,10927,US,william.baird@example.com,7049627821,,,,,,,Cold Call,001Ec00000GINb1IAH,Lead,00QEc00000BBafSMAT,005Ec000004oBPNIA2,Campaign_Member,2023-03-10
00vEc000000jeJ3IAI,,701Ec00000GJDl9IAH,00QEc00000BBafCMAT,,Sent,,2024-01-23T02:46:47.000+0000,005Ec000004oBPNIA2,2024-01-23T02:46:47.000+0000,005Ec000004oBPNIA2,2024-01-23T02:46:47.000+0000,,Mrs.,Bethany Barry,Bethany,Barry,,616 Patricia Mission,Lopezbury,NY,58645,US,bethany.barry@example.com,3036899229,,,,,,,Online Form,001Ec00000GINb1IAH,Lead,00QEc00000BBafCMAT,005Ec000004oBPNIA2,Campaign_Member,2023-03-09
00vEc000000jeJWIAY,,701Ec00000GJDl9IAH,,003Ec00000Cz30XIAR,Sent,,2024-01-23T02:46:47.000+0000,005Ec000004oBPNIA2,2024-01-23T02:46:47.000+0000,005Ec000004oBPNIA2,2024-01-23T02:46:47.000+0000,,Mr.,Melissa Clark,Melissa,Clark,,868 Julia Lakes,Masonfort,SD,61066,US,melissa.clark@example.com,6924675392,,,,,,,,,Contact,003Ec00000Cz30XIAR,005Ec000004oBPNIA2,Campaign_Member,2023-03-18
00vEc000000jeJaIAI,,701Ec00000GJDl9IAH,,003Ec00000Cz31GIAR,Sent,,2024-01-23T02:46:47.000+0000,005Ec000004oBPNIA2,2024-01-23T02:46:47.000+0000,005Ec000004oBPNIA2,2024-01-23T02:46:47.000+0000,,Dr.,Michael Jensen,Michael,Jensen,,083 Clark Forest,Tarabury,SC,47455,US,michael.jensen@example.com,7884605571,,,,,,,,Moody and Sons,Contact,003Ec00000Cz31GIAR,005Ec000004oBPNIA2,Campaign_Member,2023-03-25
00vEc000000jeIbIAI,,701Ec00000GJDlAIAX,,003Ec00000Cz31sIAB,Sent,,2024-01-23T02:46:47.000+0000,005Ec000004oBPNIA2,2024-01-23T02:46:47.000+0000,005Ec000004oBPNIA2,2024-01-23T02:46:47.000+0000,,Ms.,Jessica Lyons,Jessica,Lyons,,744 Sullivan Circle,Lake Lisa,AK,98738,US,jessica.lyons@example.com,234339875,,,,,,,,,Contact,003Ec00000Cz31sIAB,005Ec000004oBPNIA2,Campaign_Member,2023-07-25
00vEc000000jeIdIAI,,701Ec00000GJDlAIAX,,003Ec00000Cz31vIAB,Sent,,2024-01-23T02:46:47.000+0000,005Ec000004oBPNIA2,2024-01-23T02:46:47.000+0000,005Ec000004oBPNIA2,2024-01-23T02:46:47.000+0000,,Dr.,Steven Green,Steven,Green,,140 Reed Heights,Dwaynetown,CA,93501,US,steven.green@example.com,903089752,,,,,,,,,Contact,003Ec00000Cz31vIAB,005Ec000004oBPNIA2,Campaign_Member,2023-08-13
00vEc000000jeIpIAI,,701Ec00000GJDlAIAX,,003Ec00000Cz323IAB,Sent,,2024-01-23T02:46:47.000+0000,005Ec000004oBPNIA2,2024-01-23T02:46:47.000+0000,005Ec000004oBPNIA2,2024-01-23T02:46:47.000+0000,,Mr.,Ashlee Sandoval,Ashlee,Sandoval,,5994 Crystal Tunnel Suite 285,New Samuel,WV,61829,US,ashlee.sandoval@example.com,8340731637,,,,,,,,Nicholson-Miller,Contact,003Ec00000Cz323IAB,005Ec000004oBPNIA2,Campaign_Member,2023-07-20
00vEc000000jeJ4IAI,,701Ec00000GJDlAIAX,00QEc00000BBaf7MAD,,Sent,,2024-01-23T02:46:47.000+0000,005Ec000004oBPNIA2,2024-01-23T02:46:47.000+0000,005Ec000004oBPNIA2,2024-01-23T02:46:47.000+0000,,Ms.,Kim Thompson,Kim,Thompson,,7407 Nathaniel Knoll Apt. 108,Port Kristenstad,AK,31539,US,kim.thompson@example.com,2463048729,,,,,,,Referral,001Ec00000GINb1IAH,Lead,00QEc00000BBaf7MAD,005Ec000004oBPNIA2,Campaign_Member,2023-08-10
00vEc000000jeJLIAY,,701Ec00000GJDlAIAX,00QEc00000BBafFMAT,,Sent,,2024-01-23T02:46:47.000+0000,005Ec000004oBPNIA2,2024-01-23T02:46:47.000+0000,005Ec000004oBPNIA2,2024-01-23T02:46:47.000+0000,,Dr.,Dawn Phillips,Dawn,Phillips,,98995 Ward Gateway Apt. 809,North Brandonbury,MP,50123,US,dawn.phillips@example.com,6182592000,,,,,,,Online Form,001Ec00000GINb1IAH,Lead,00QEc00000BBafFMAT,005Ec000004oBPNIA2,Campaign_Member,2023-07-21
00vEc000000jeJPIAY,,701Ec00000GJDlAIAX,,003Ec00000Cz30wIAB,Sent,,2024-01-23T02:46:47.000+0000,005Ec000004oBPNIA2,2024-01-23T02:46:47.000+0000,005Ec000004oBPNIA2,2024-01-23T02:46:47.000+0000,,Mrs.,Brett Miles,Brett,Miles,,0629 Hunter Path Suite 168,West Kathleen,TN,32922,US,brett.miles@example.com,8418025589,,,,,,,,,Contact,003Ec00000Cz30wIAB,005Ec000004oBPNIA2,Campaign_Member,2023-07-21
00vEc000000jeJQIAY,,701Ec00000GJDlAIAX,00QEc00000BBaf1MAD,,Sent,,2024-01-23T02:46:47.000+0000,005Ec000004oBPNIA2,2024-01-23T02:46:47.000+0000,005Ec000004oBPNIA2,2024-01-23T02:46:47.000+0000,,Dr.,Samantha Ortega,Samantha,Ortega,,772 Brian Burg,Martinmouth,IA,46117,US,samantha.ortega@example.com,7082930376,,,,,,,Referral,001Ec00000GINb1IAH,Lead,00QEc00000BBaf1MAD,005Ec000004oBPNIA2,Campaign_Member,2023-08-04
00vEc000000jeJRIAY,,701Ec00000GJDlAIAX,,003Ec00000Cz31WIAR,Sent,,2024-01-23T02:46:47.000+0000,005Ec000004oBPNIA2,2024-01-23T02:46:47.000+0000,005Ec000004oBPNIA2,2024-01-23T02:46:47.000+0000,,Mr.,Kenneth Garza,Kenneth,Garza,,8224 Moore Station,Lake Andrew,NY,16713,US,kenneth.garza@example.com,7037104610,,,,,,,,Todd Garrett and Spence,Contact,003Ec00000Cz31WIAR,005Ec000004oBPNIA2,Campaign_Member,2023-07-29
00vEc000000jeIYIAY,,701Ec00000GJDlBIAX,,003Ec00000Cz31EIAR,Sent,,2024-01-23T02:46:47.000+0000,005Ec000004oBPNIA2,2024-01-23T02:46:47.000+0000,005Ec000004oBPNIA2,2024-01-23T02:46:47.000+0000,,Dr.,Jeffrey Rice,Jeffrey,Rice,,1910 Natasha Landing Suite 390,Bobbyberg,VT,61343,US,jeffrey.rice@example.com,2036843629,,,,,,,,,Contact,003Ec00000Cz31EIAR,005Ec000004oBPNIA2,Campaign_Member,2024-01-01
00vEc000000jeIaIAI,,701Ec00000GJDlBIAX,,003Ec00000Cz30oIAB,Sent,,2024-01-23T02:46:47.000+0000,005Ec000004oBPNIA2,2024-01-23T02:46:47.000+0000,005Ec000004oBPNIA2,2024-01-23T02:46:47.000+0000,,Mrs.,Jessica Anderson,Jessica,Anderson,,774 Boyd Estate,South Ashleymouth,MS,92345,US,jessica.anderson@example.com,2311026561,,,,,,,,,Contact,003Ec00000Cz30oIAB,005Ec000004oBPNIA2,Campaign_Member,2023-12-13
00vEc000000jeIsIAI,,701Ec00000GJDlBIAX,00QEc00000BBafLMAT,,Sent,,2024-01-23T02:46:47.000+0000,005Ec000004oBPNIA2,2024-01-23T02:46:47.000+0000,005Ec000004oBPNIA2,2024-01-23T02:46:47.000+0000,,Ms.,Ryan Anderson,Ryan,Anderson,,889 Justin Trace,New Eric,SD,99808,US,ryan.anderson@example.com,4508817345,,,,,,,Online Form,001Ec00000GINb1IAH,Lead,00QEc00000BBafLMAT,005Ec000004oBPNIA2,Campaign_Member,2024-01-04
00vEc000000jeIuIAI,,701Ec00000GJDlBIAX,00QEc00000BBaeoMAD,,Sent,,2024-01-23T02:46:47.000+0000,005Ec000004oBPNIA2,2024-01-23T02:46:47.000+0000,005Ec000004oBPNIA2,2024-01-23T02:46:47.000+0000,,Mrs.,Joseph Ellis,Joseph,Ellis,,46303 Don Drive Apt. 384,New Steven,OH,1820,US,joseph.ellis@example.com,6160463165,,,,,,,Online Form,001Ec00000GINb1IAH,Lead,00QEc00000BBaeoMAD,005Ec000004oBPNIA2,Campaign_Member,2023-12-21
00vEc000000jeJ1IAI,,701Ec00000GJDlBIAX,00QEc00000BBaf5MAD,,Sent,,2024-01-23T02:46:47.000+0000,005Ec000004oBPNIA2,2024-01-23T02:46:47.000+0000,005Ec000004oBPNIA2,2024-01-23T02:46:47.000+0000,,Ms.,Angel Anderson,Angel,Anderson,,67839 Jordan Ports,West Angelaland,SD,22697,US,angel.anderson@example.com,1992103880,,,,,,,Referral,001Ec00000GINb1IAH,Lead,00QEc00000BBaf5MAD,005Ec000004oBPNIA2,Campaign_Member,2023-12-27
00vEc000000jeJ7IAI,,701Ec00000GJDlBIAX,,003Ec00000Cz30sIAB,Sent,,2024-01-23T02:46:47.000+0000,005Ec000004oBPNIA2,2024-01-23T02:46:47.000+0000,005Ec000004oBPNIA2,2024-01-23T02:46:47.000+0000,,Dr.,Ebony David,Ebony,David,,14710 Levy Stravenue Suite 274,Angelafort,IA,41933,US,ebony.david@example.com,993155722,,,,,,,,Richardson Baker and Ford,Contact,003Ec00000Cz30sIAB,005Ec000004oBPNIA2,Campaign_Member,2023-12-21
00vEc000000jeJ8IAI,,701Ec00000GJDlBIAX,00QEc00000BBaf2MAD,,Sent,,2024-01-23T02:46:47.000+0000,005Ec000004oBPNIA2,2024-01-23T02:46:47.000+0000,005Ec000004oBPNIA2,2024-01-23T02:46:47.000+0000,,Ms.,Charles Patterson,Charles,Patterson,,02222 Briana Lock Suite 491,Laurafurt,PA,24231,US,charles.patterson@example.com,1799232937,,,,,,,Referral,001Ec00000GINb1IAH,Lead,00QEc00000BBaf2MAD,005Ec000004oBPNIA2,Campaign_Member,2023-12-31
00vEc000000jeJFIAY,,701Ec00000GJDlBIAX,,003Ec00000Cz31XIAR,Sent,,2024-01-23T02:46:47.000+0000,005Ec000004oBPNIA2,2024-01-23T02:46:47.000+0000,005Ec000004oBPNIA2,2024-01-23T02:46:47.000+0000,,Mr.,Michelle Gonzalez,Michelle,Gonzalez,,7619 Newton Port,Jessicachester,MS,73265,US,michelle.gonzalez@example.com,1958436953,,,,,,,,,Contact,003Ec00000Cz31XIAR,005Ec000004oBPNIA2,Campaign_Member,2023-12-12
00vEc000000jeJHIAY,,701Ec00000GJDlBIAX,00QEc00000BBaf7MAD,,Sent,,2024-01-23T02:46:47.000+0000,005Ec000004oBPNIA2,2024-01-23T02:46:47.000+0000,005Ec000004oBPNIA2,2024-01-23T02:46:47.000+0000,,Ms.,Kim Thompson,Kim,Thompson,,7407 Nathaniel Knoll Apt. 108,Port Kristenstad,AK,31539,US,kim.thompson@example.com,2463048729,,,,,,,Referral,001Ec00000GINb1IAH,Lead,00QEc00000BBaf7MAD,005Ec000004oBPNIA2,Campaign_Member,2023-12-25
00vEc000000jeJcIAI,,701Ec00000GJDlBIAX,,003Ec00000Cz31MIAR,Sent,,2024-01-23T02:46:47.000+0000,005Ec000004oBPNIA2,2024-01-23T02:46:47.000+0000,005Ec000004oBPNIA2,2024-01-23T02:46:47.000+0000,,Dr.,Luke Woods,Luke,Woods,,251 Francisco Well,Wilsonshire,PW,66766,US,luke.woods@example.com,6588766422,,,,,,,,,Contact,003Ec00000Cz31MIAR,005Ec000004oBPNIA2,Campaign_Member,2023-12-24
00vEc000000jeIXIAY,,701Ec00000GJDlCIAX,,003Ec00000Cz31WIAR,Sent,,2024-01-23T02:46:47.000+0000,005Ec000004oBPNIA2,2024-01-23T02:46:47.000+0000,005Ec000004oBPNIA2,2024-01-23T02:46:47.000+0000,,Mr.,Kenneth Garza,Kenneth,Garza,,8224 Moore Station,Lake Andrew,NY,16713,US,kenneth.garza@example.com,7037104610,,,,,,,,Todd Garrett and Spence,Contact,003Ec00000Cz31WIAR,005Ec000004oBPNIA2,Campaign_Member,2023-11-17
00vEc000000jeIeIAI,,701Ec00000GJDlCIAX,00QEc00000BBafGMAT,,Sent,,2024-01-23T02:46:47.000+0000,005Ec000004oBPNIA2,2024-01-23T02:46:47.000+0000,005Ec000004oBPNIA2,2024-01-23T02:46:47.000+0000,,Mrs.,Melissa Reed,Melissa,Reed,,012 Jenny Inlet Apt. 796,Acostafort,AK,61911,US,melissa.reed@example.com,8854582147,,,,,,,Cold Call,001Ec00000GINb1IAH,Lead,00QEc00000BBafGMAT,005Ec000004oBPNIA2,Campaign_Member,2023-11-19
00vEc000000jeIgIAI,,701Ec00000GJDlCIAX,00QEc00000BBaefMAD,,Sent,,2024-01-23T02:46:47.000+0000,005Ec000004oBPNIA2,2024-01-23T02:46:47.000+0000,005Ec000004oBPNIA2,2024-01-23T02:46:47.000+0000,,Dr.,Jose Moore,Jose,Moore,,3002 Molly Walks,Meghanhaven,ID,71388,US,jose.moore@example.com,2380587017,,,,,,,Online Form,001Ec00000GINb1IAH,Lead,00QEc00000BBaefMAD,005Ec000004oBPNIA2,Campaign_Member,2023-11-25
00vEc000000jeJNIAY,,701Ec00000GJDlCIAX,,003Ec00000Cz30fIAB,Sent,,2024-01-23T02:46:47.000+0000,005Ec000004oBPNIA2,2024-01-23T02:46:47.000+0000,005Ec000004oBPNIA2,2024-01-23T02:46:47.000+0000,,Mrs.,Michelle Brown,Michelle,Brown,,8715 Jonathan Knoll,Thompsonfort,KS,3273,US,michelle.brown@example.com,3332519536,,,,,,,,,Contact,003Ec00000Cz30fIAB,005Ec000004oBPNIA2,Campaign_Member,2023-11-07
00vEc000000jeJZIAY,,701Ec00000GJDlCIAX,00QEc00000BBaelMAD,,Sent,,2024-01-23T02:46:47.000+0000,005Ec000004oBPNIA2,2024-01-23T02:46:47.000+0000,005Ec000004oBPNIA2,2024-01-23T02:46:47.000+0000,,Mr.,Brian Morris,Brian,Morris,,9842 Perry Meadows,Christopherfurt,LA,30299,US,brian.morris@example.com,7522553660,,,,,,,Referral,001Ec00000GINb1IAH,Lead,00QEc00000BBaelMAD,005Ec000004oBPNIA2,Campaign_Member,2023-11-15
00vEc000000jeJbIAI,,701Ec00000GJDlCIAX,,003Ec00000Cz312IAB,Sent,,2024-01-23T02:46:47.000+0000,005Ec000004oBPNIA2,2024-01-23T02:46:47.000+0000,005Ec000004oBPNIA2,2024-01-23T02:46:47.000+0000,,Mrs.,Steven Leonard,Steven,Leonard,,0227 Fernandez Ford,New Morganfurt,DC,58896,US,steven.leonard@example.com,4005836984,,,,,,,,,Contact,003Ec00000Cz312IAB,005Ec000004oBPNIA2,Campaign_Member,2023-11-23
00vEc000000jeIcIAI,,701Ec00000GJDlDIAX,,003Ec00000Cz315IAB,Sent,,2024-01-23T02:46:47.000+0000,005Ec000004oBPNIA2,2024-01-23T02:46:47.000+0000,005Ec000004oBPNIA2,2024-01-23T02:46:47.000+0000,,Ms.,Donna Davis,Donna,Davis,,16658 Murphy Court Suite 456,Kendraview,SC,25754,US,donna.davis@example.com,539837568,,,,,,,,,Contact,003Ec00000Cz315IAB,005Ec000004oBPNIA2,Campaign_Member,2024-02-03
00vEc000000jeIiIAI,,701Ec00000GJDlDIAX,,003Ec00000Cz31TIAR,Sent,,2024-01-23T02:46:47.000+0000,005Ec000004oBPNIA2,2024-01-23T02:46:47.000+0000,005Ec000004oBPNIA2,2024-01-23T02:46:47.000+0000,,Mrs.,Jason Kim,Jason,Kim,,8003 Bartlett Springs Apt. 685,South Matthew,IL,49853,US,jason.kim@example.com,1862906620,,,,,,,,,Contact,003Ec00000Cz31TIAR,005Ec000004oBPNIA2,Campaign_Member,2024-01-17
00vEc000000jeImIAI,,701Ec00000GJDlDIAX,,003Ec00000Cz310IAB,Sent,,2024-01-23T02:46:47.000+0000,005Ec000004oBPNIA2,2024-01-23T02:46:47.000+0000,005Ec000004oBPNIA2,2024-01-23T02:46:47.000+0000,,Mrs.,Cheryl Estes,Cheryl,Estes,,5284 Hays Road,Markburgh,VT,18784,US,cheryl.estes@example.com,5391320569,,,,,,,,,Contact,003Ec00000Cz310IAB,005Ec000004oBPNIA2,Campaign_Member,2024-01-21
00vEc000000jeIrIAI,,701Ec00000GJDlDIAX,00QEc00000BBaekMAD,,Sent,,2024-01-23T02:46:47.000+0000,005Ec000004oBPNIA2,2024-01-23T02:46:47.000+0000,005Ec000004oBPNIA2,2024-01-23T02:46:47.000+0000,,Mr.,Rita Ross,Rita,Ross,,5449 Melissa Route Suite 932,Philipberg,HI,63867,US,rita.ross@example.com,8848477153,,,,,,,Referral,001Ec00000GINb1IAH,Lead,00QEc00000BBaekMAD,005Ec000004oBPNIA2,Campaign_Member,2024-01-29
00vEc000000jeIwIAI,,701Ec00000GJDlDIAX,,003Ec00000Cz30pIAB,Sent,,2024-01-23T02:46:47.000+0000,005Ec000004oBPNIA2,2024-01-23T02:46:47.000+0000,005Ec000004oBPNIA2,2024-01-23T02:46:47.000+0000,,Mr.,Stephanie Jones,Stephanie,Jones,,2924 House Island,Michaelport,NH,23367,US,stephanie.jones@example.com,9454775105,,,,,,,,,Contact,003Ec00000Cz30pIAB,005Ec000004oBPNIA2,Campaign_Member,2024-01-08
00vEc000000jeJAIAY,,701Ec00000GJDlDIAX,00QEc00000BBaedMAD,,Sent,,2024-01-23T02:46:47.000+0000,005Ec000004oBPNIA2,2024-01-23T02:46:47.000+0000,005Ec000004oBPNIA2,2024-01-23T02:46:47.000+0000,,Ms.,Nicholas Smith,Nicholas,Smith,,41587 Davis Prairie,East Jenniferhaven,TX,34235,US,nicholas.smith@example.com,6259182403,,,,,,,Cold Call,001Ec00000GINb1IAH,Lead,00QEc00000BBaedMAD,005Ec000004oBPNIA2,Campaign_Member,2024-01-09
00vEc000000jeJCIAY,,701Ec00000GJDlDIAX,00QEc00000BBafBMAT,,Sent,,2024-01-23T02:46:47.000+0000,005Ec000004oBPNIA2,2024-01-23T02:46:47.000+0000,005Ec000004oBPNIA2,2024-01-23T02:46:47.000+0000,,Mr.,Natasha Allen,Natasha,Allen,,08478 Brandt Stravenue Suite 916,East Crystal,ID,15341,US,natasha.allen@example.com,7882291982,,,,,,,Referral,001Ec00000GINb1IAH,Lead,00QEc00000BBafBMAT,005Ec000004oBPNIA2,Campaign_Member,2024-01-10
00vEc000000jeJEIAY,,701Ec00000GJDlDIAX,00QEc00000BBafKMAT,,Sent,,2024-01-23T02:46:47.000+0000,005Ec000004oBPNIA2,2024-01-23T02:46:47.000+0000,005Ec000004oBPNIA2,2024-01-23T02:46:47.000+0000,,Mrs.,Kathryn Russo,Kathryn,Russo,,4930 Hughes Avenue,Christopherbury,DC,2103,US,kathryn.russo@example.com,9445673632,,,,,,,Referral,001Ec00000GINb1IAH,Lead,00QEc00000BBafKMAT,005Ec000004oBPNIA2,Campaign_Member,2024-01-27
00vEc000000jeJKIAY,,701Ec00000GJDlDIAX,00QEc00000BBaezMAD,,Sent,,2024-01-23T02:46:47.000+0000,005Ec000004oBPNIA2,2024-01-23T02:46:47.000+0000,005Ec000004oBPNIA2,2024-01-23T02:46:47.000+0000,,Mr.,Jennifer Jefferson,Jennifer,Jefferson,,973 Adams Courts,East Olivia,CT,30405,US,jennifer.jefferson@example.com,5934108472,,,,,,,Referral,001Ec00000GINb1IAH,Lead,00QEc00000BBaezMAD,005Ec000004oBPNIA2,Campaign_Member,2024-01-21
00vEc000000jeJMIAY,,701Ec00000GJDlDIAX,00QEc00000BBaf0MAD,,Sent,,2024-01-23T02:46:47.000+0000,005Ec000004oBPNIA2,2024-01-23T02:46:47.000+0000,005Ec000004oBPNIA2,2024-01-23T02:46:47.000+0000,,Dr.,Amber Jones,Amber,Jones,,20906 Juan Center Apt. 582,Henryfort,FM,14360,US,amber.jones@example.com,3559271886,,,,,,,Cold Call,001Ec00000GINb1IAH,Lead,00QEc00000BBaf0MAD,005Ec000004oBPNIA2,Campaign_Member,2024-01-29
00vEc000000jeJTIAY,,701Ec00000GJDlDIAX,,003Ec00000Cz322IAB,Sent,,2024-01-23T02:46:47.000+0000,005Ec000004oBPNIA2,2024-01-23T02:46:47.000+0000,005Ec000004oBPNIA2,2024-01-23T02:46:47.000+0000,,Ms.,Gary White,Gary,White,,40932 Nunez Lodge,Lake Caseymouth,MA,86391,US,gary.white@example.com,4095651661,,,,,,,,Grimes-Williams,Contact,003Ec00000Cz322IAB,005Ec000004oBPNIA2,Campaign_Member,2024-02-01
00vEc000000jeJUIAY,,701Ec00000GJDlDIAX,,003Ec00000Cz31CIAR,Sent,,2024-01-23T02:46:47.000+0000,005Ec000004oBPNIA2,2024-01-23T02:46:47.000+0000,005Ec000004oBPNIA2,2024-01-23T02:46:47.000+0000,,Mrs.,Peter Smith,Peter,Smith,,4005 Stephanie Walk,South Travis,OK,95988,US,peter.smith@example.com,2411168157,,,,,,,,,Contact,003Ec00000Cz31CIAR,005Ec000004oBPNIA2,Campaign_Member,2024-01-06
00vEc000000jeIkIAI,,701Ec00000GJDlEIAX,00QEc00000BBaeyMAD,,Sent,,2024-01-23T02:46:47.000+0000,005Ec000004oBPNIA2,2024-01-23T02:46:47.000+0000,005Ec000004oBPNIA2,2024-01-23T02:46:47.000+0000,,Mr.,Michael Pierce,Michael,Pierce,,3080 Shawn Rue,Rogerside,KS,18981,US,michael.pierce@example.com,6024080382,,,,,,,Referral,001Ec00000GINb1IAH,Lead,00QEc00000BBaeyMAD,005Ec000004oBPNIA2,Campaign_Member,2023-06-07
00vEc000000jeInIAI,,701Ec00000GJDlEIAX,,003Ec00000Cz31JIAR,Sent,,2024-01-23T02:46:47.000+0000,005Ec000004oBPNIA2,2024-01-23T02:46:47.000+0000,005Ec000004oBPNIA2,2024-01-23T02:46:47.000+0000,,Mr.,Dana Myers,Dana,Myers,,8213 Woods Landing Apt. 711,Kevinshire,AR,76247,US,dana.myers@example.com,2839969804,,,,,,,,Good PLC,Contact,003Ec00000Cz31JIAR,005Ec000004oBPNIA2,Campaign_Member,2023-06-23
00vEc000000jeIzIAI,,701Ec00000GJDlEIAX,00QEc00000BBafFMAT,,Sent,,2024-01-23T02:46:47.000+0000,005Ec000004oBPNIA2,2024-01-23T02:46:47.000+0000,005Ec000004oBPNIA2,2024-01-23T02:46:47.000+0000,,Dr.,Dawn Phillips,Dawn,Phillips,,98995 Ward Gateway Apt. 809,North Brandonbury,MP,50123,US,dawn.phillips@example.com,6182592000,,,,,,,Online Form,001Ec00000GINb1IAH,Lead,00QEc00000BBafFMAT,005Ec000004oBPNIA2,Campaign_Member,2023-06-02
00vEc000000jeJ2IAI,,701Ec00000GJDlEIAX,,003Ec00000Cz31qIAB,Sent,,2024-01-23T02:46:47.000+0000,005Ec000004oBPNIA2,2024-01-23T02:46:47.000+0000,005Ec000004oBPNIA2,2024-01-23T02:46:47.000+0000,,Ms.,David Martinez,David,Martinez,,378 Tiffany Spur Suite 393,Cunninghamfort,RI,70664,US,david.martinez@example.com,5081396107,,,,,,,,,Contact,003Ec00000Cz31qIAB,005Ec000004oBPNIA2,Campaign_Member,2023-06-24
00vEc000000jeJ6IAI,,701Ec00000GJDlEIAX,00QEc00000BBaelMAD,,Sent,,2024-01-23T02:46:47.000+0000,005Ec000004oBPNIA2,2024-01-23T02:46:47.000+0000,005Ec000004oBPNIA2,2024-01-23T02:46:47.000+0000,,Mr.,Brian Morris,Brian,Morris,,9842 Perry Meadows,Christopherfurt,LA,30299,US,brian.morris@example.com,7522553660,,,,,,,Referral,001Ec00000GINb1IAH,Lead,00QEc00000BBaelMAD,005Ec000004oBPNIA2,Campaign_Member,2023-06-10
00vEc000000jeJGIAY,,701Ec00000GJDlEIAX,00QEc00000BBafTMAT,,Sent,,2024-01-23T02:46:47.000+0000,005Ec000004oBPNIA2,2024-01-23T02:46:47.000+0000,005Ec000004oBPNIA2,2024-01-23T02:46:47.000+0000,,Mrs.,James Keith,James,Keith,,43807 Lawrence Passage,Pettyland,CT,62541,US,james.keith@example.com,8848655317,,,,,,,Referral,001Ec00000GINb1IAH,Lead,00QEc00000BBafTMAT,005Ec000004oBPNIA2,Campaign_Member,2023-06-18
00vEc000000jeJOIAY,,701Ec00000GJDlEIAX,00QEc00000BBafOMAT,,Sent,,2024-01-23T02:46:47.000+0000,005Ec000004oBPNIA2,2024-01-23T02:46:47.000+0000,005Ec000004oBPNIA2,2024-01-23T02:46:47.000+0000,,Ms.,David Diaz,David,Diaz,,5648 Russell Gardens Suite 918,East Dawn,UT,1915,US,david.diaz@example.com,7835760955,,,,,,,Cold Call,001Ec00000GINb1IAH,Lead,00QEc00000BBafOMAT,005Ec000004oBPNIA2,Campaign_Member,2023-06-07
00vEc000000jeJSIAY,,701Ec00000GJDlEIAX,,003Ec00000Cz31RIAR,Sent,,2024-01-23T02:46:47.000+0000,005Ec000004oBPNIA2,2024-01-23T02:46:47.000+0000,005Ec000004oBPNIA2,2024-01-23T02:46:47.000+0000,,Mr.,Daniel Bishop,Daniel,Bishop,,3956 Kimberly Rest Apt. 692,Port Anthonybury,UT,34417,US,daniel.bishop@example.com,4223300693,,,,,,,,Patterson-Hansen,Contact,003Ec00000Cz31RIAR,005Ec000004oBPNIA2,Campaign_Member,2023-06-07
