Id,IsDeleted,MasterRecordId,LastName,FirstName,Salutation,Name,Title,Company,Street,City,State,PostalCode,Country,Latitude,Longitude,GeocodeAccuracy,Address,Phone,Email,Website,PhotoUrl,Description,LeadSource,Status,Industry,Rating,AnnualRevenue,NumberOfEmployees,OwnerId,IsConverted,ConvertedDate,ConvertedAccountId,ConvertedContactId,ConvertedOpportunityId,IsUnreadByOwner,CreatedDate,CreatedById,LastModifiedDate,LastModifiedById,SystemModstamp,LastActivityDate,LastViewedDate,LastReferencedDate,Jigsaw,JigsawContactId,CompanyDunsNumber,DandbCompanyId,EmailBouncedReason,EmailBouncedDate,IndividualId,External_id__c,Branch__c,Home_Phone__c,Gender__c
00QEc00000BBaeXMAT,,,Lee,William,Mr.,William Lee,,001Ec00000GINb1IAH,84011 Porter Springs Suite 653,East Kellyburgh,ME,11709,US,,,,"{""city"":""East Kellyburgh"",""country"":""US"",""geocodeAccuracy"":null,""latitude"":null,""longitude"":null,""postalCode"":""11709"",""state"":""ME"",""street"":""84011 Porter Springs Suite 653""}",8683896283,william.lee@example.com,,/services/images/photo/00QEc00000BBaeXMAT,,Online Form,Qualified,,,,,005Ec000004oBPNIA2,,,,,,1,2024-01-22T20:36:47.000+0000,005Ec000004oBPNIA2,2024-01-22T20:36:47.000+0000,005Ec000004oBPNIA2,2024-01-22T20:36:47.000+0000,,,,,,,,,,,crm_lead_0,a00Ec000009WFuqIAG,9667318696,male
00QEc00000BBaeYMAT,,,Freeman,Patrick,Mrs.,Patrick Freeman,,001Ec00000GINb1IAH,63525 Larson Rue,North Meganhaven,MN,89271,US,,,,"{""city"":""North Meganhaven"",""country"":""US"",""geocodeAccuracy"":null,""latitude"":null,""longitude"":null,""postalCode"":""89271"",""state"":""MN"",""street"":""63525 Larson Rue""}",7744098360,patrick.freeman@example.com,,/services/images/photo/00QEc00000BBaeYMAT,,Cold Call,New,,,,,005Ec000004oBPNIA2,,,,,,1,2024-01-22T20:36:47.000+0000,005Ec000004oBPNIA2,2024-01-22T20:36:47.000+0000,005Ec000004oBPNIA2,2024-01-23T17:49:49.000+0000,2023-03-29,,,,,,,,,,crm_lead_1,a00Ec000009WFusIAG,1549070225,male
00QEc00000BBaeZMAT,,,Gonzalez,Michael,Mr.,Michael Gonzalez,,001Ec00000GINb1IAH,178 Nicole Cliffs,South Ronald,FM,21955,US,,,,"{""city"":""South Ronald"",""country"":""US"",""geocodeAccuracy"":null,""latitude"":null,""longitude"":null,""postalCode"":""21955"",""state"":""FM"",""street"":""178 Nicole Cliffs""}",8191161473,michael.gonzalez@example.com,,/services/images/photo/00QEc00000BBaeZMAT,,Online Form,New,,,,,005Ec000004oBPNIA2,,,,,,1,2024-01-22T20:36:47.000+0000,005Ec000004oBPNIA2,2024-01-22T20:36:47.000+0000,005Ec000004oBPNIA2,2024-01-22T20:36:47.000+0000,,,,,,,,,,,crm_lead_2,a00Ec000009WFuqIAG,9445157958,male
00QEc00000BBaeaMAD,,,Castillo,Leslie,Ms.,Leslie Castillo,,001Ec00000GINb1IAH,065 Martin Mount Suite 317,Tanyabury,FL,60701,US,,,,"{""city"":""Tanyabury"",""country"":""US"",""geocodeAccuracy"":null,""latitude"":null,""longitude"":null,""postalCode"":""60701"",""state"":""FL"",""street"":""065 Martin Mount Suite 317""}",4753089392,leslie.castillo@example.com,,/services/images/photo/00QEc00000BBaeaMAD,,Cold Call,New,,,,,005Ec000004oBPNIA2,,,,,,1,2024-01-22T20:36:47.000+0000,005Ec000004oBPNIA2,2024-01-22T20:36:47.000+0000,005Ec000004oBPNIA2,2024-01-23T17:49:49.000+0000,2022-11-19,,,,,,,,,,crm_lead_3,a00Ec000009WFurIAG,2025058073,female
00QEc00000BBaebMAD,,,Jones,Bobby,Mr.,Bobby Jones,,001Ec00000GINb1IAH,485 Mclaughlin Lane Suite 606,Moralesmouth,CO,86226,US,,,,"{""city"":""Moralesmouth"",""country"":""US"",""geocodeAccuracy"":null,""latitude"":null,""longitude"":null,""postalCode"":""86226"",""state"":""CO"",""street"":""485 Mclaughlin Lane Suite 606""}",2883022772,bobby.jones@example.com,,/services/images/photo/00QEc00000BBaebMAD,,Cold Call,Qualified,,,,,005Ec000004oBPNIA2,,,,,,1,2024-01-22T20:36:47.000+0000,005Ec000004oBPNIA2,2024-01-22T20:36:47.000+0000,005Ec000004oBPNIA2,2024-01-22T20:36:47.000+0000,,,,,,,,,,,crm_lead_4,a00Ec000009WFupIAG,1084421380,male
00QEc00000BBaecMAD,,,Green,Parker,Mrs.,Parker Green,,001Ec00000GINb1IAH,478 Vanessa Crossroad Apt. 247,South David,OR,21680,US,,,,"{""city"":""South David"",""country"":""US"",""geocodeAccuracy"":null,""latitude"":null,""longitude"":null,""postalCode"":""21680"",""state"":""OR"",""street"":""478 Vanessa Crossroad Apt. 247""}",9359222874,parker.green@example.com,,/services/images/photo/00QEc00000BBaecMAD,,Online Form,Qualified,,,,,005Ec000004oBPNIA2,,,,,,1,2024-01-22T20:36:47.000+0000,005Ec000004oBPNIA2,2024-01-22T20:36:47.000+0000,005Ec000004oBPNIA2,2024-01-23T17:49:49.000+0000,2023-09-09,,,,,,,,,,crm_lead_5,a00Ec000009WFuqIAG,8451844428,male
00QEc00000BBaedMAD,,,Smith,Nicholas,Ms.,Nicholas Smith,,001Ec00000GINb1IAH,41587 Davis Prairie,East Jenniferhaven,TX,34235,US,,,,"{""city"":""East Jenniferhaven"",""country"":""US"",""geocodeAccuracy"":null,""latitude"":null,""longitude"":null,""postalCode"":""34235"",""state"":""TX"",""street"":""41587 Davis Prairie""}",6259182403,nicholas.smith@example.com,,/services/images/photo/00QEc00000BBaedMAD,,Cold Call,Working,,,,,005Ec000004oBPNIA2,,,,,,1,2024-01-22T20:36:47.000+0000,005Ec000004oBPNIA2,2024-01-22T20:36:47.000+0000,005Ec000004oBPNIA2,2024-01-22T20:36:47.000+0000,,,,,,,,,,,crm_lead_6,a00Ec000009WFuqIAG,5062329261,male
00QEc00000BBaeeMAD,,,Bell,Linda,Mr.,Linda Bell,,001Ec00000GINb1IAH,05044 Samantha Route,West Nicholasmouth,FM,35410,US,,,,"{""city"":""West Nicholasmouth"",""country"":""US"",""geocodeAccuracy"":null,""latitude"":null,""longitude"":null,""postalCode"":""35410"",""state"":""FM"",""street"":""05044 Samantha Route""}",1827527564,linda.bell@example.com,,/services/images/photo/00QEc00000BBaeeMAD,,Cold Call,Qualified,,,,,005Ec000004oBPNIA2,,,,,,1,2024-01-22T20:36:47.000+0000,005Ec000004oBPNIA2,2024-01-22T20:36:47.000+0000,005Ec000004oBPNIA2,2024-01-23T17:49:49.000+0000,2023-09-14,,,,,,,,,,crm_lead_7,a00Ec000009WFusIAG,1421746486,female
00QEc00000BBaefMAD,,,Moore,Jose,Dr.,Jose Moore,,001Ec00000GINb1IAH,3002 Molly Walks,Meghanhaven,ID,71388,US,,,,"{""city"":""Meghanhaven"",""country"":""US"",""geocodeAccuracy"":null,""latitude"":null,""longitude"":null,""postalCode"":""71388"",""state"":""ID"",""street"":""3002 Molly Walks""}",2380587017,jose.moore@example.com,,/services/images/photo/00QEc00000BBaefMAD,,Online Form,Qualified,,,,,005Ec000004oBPNIA2,,,,,,1,2024-01-22T20:36:47.000+0000,005Ec000004oBPNIA2,2024-01-22T20:36:47.000+0000,005Ec000004oBPNIA2,2024-01-23T17:49:49.000+0000,2023-05-30,,,,,,,,,,crm_lead_8,a00Ec000009WFupIAG,5051243944,male
00QEc00000BBaegMAD,,,Richmond,Holly,Mrs.,Holly Richmond,,001Ec00000GINb1IAH,83487 Susan Lights,New Kristenmouth,ND,67408,US,,,,"{""city"":""New Kristenmouth"",""country"":""US"",""geocodeAccuracy"":null,""latitude"":null,""longitude"":null,""postalCode"":""67408"",""state"":""ND"",""street"":""83487 Susan Lights""}",4263687513,holly.richmond@example.com,,/services/images/photo/00QEc00000BBaegMAD,,Referral,Working,,,,,005Ec000004oBPNIA2,,,,,,1,2024-01-22T20:36:47.000+0000,005Ec000004oBPNIA2,2024-01-22T20:36:47.000+0000,005Ec000004oBPNIA2,2024-01-23T17:49:49.000+0000,2022-12-19,,,,,,,,,,crm_lead_9,a00Ec000009WFusIAG,9143448289,female
00QEc00000BBaehMAD,,,Henderson,Bonnie,Mr.,Bonnie Henderson,,001Ec00000GINb1IAH,3354 Charles Extensions,Carrollmouth,WY,22681,US,,,,"{""city"":""Carrollmouth"",""country"":""US"",""geocodeAccuracy"":null,""latitude"":null,""longitude"":null,""postalCode"":""22681"",""state"":""WY"",""street"":""3354 Charles Extensions""}",4235722477,bonnie.henderson@example.com,,/services/images/photo/00QEc00000BBaehMAD,,Referral,Working,,,,,005Ec000004oBPNIA2,,,,,,1,2024-01-22T20:36:47.000+0000,005Ec000004oBPNIA2,2024-01-22T20:36:47.000+0000,005Ec000004oBPNIA2,2024-01-23T17:49:49.000+0000,2023-03-02,,,,,,,,,,crm_lead_10,a00Ec000009WFusIAG,246050153,female
00QEc00000BBaeiMAD,,,Johnson,Dana,Mr.,Dana Johnson,,001Ec00000GINb1IAH,7713 Swanson Wells Suite 032,North Matthew,MA,23823,US,,,,"{""city"":""North Matthew"",""country"":""US"",""geocodeAccuracy"":null,""latitude"":null,""longitude"":null,""postalCode"":""23823"",""state"":""MA"",""street"":""7713 Swanson Wells Suite 032""}",9590587572,dana.johnson@example.com,,/services/images/photo/00QEc00000BBaeiMAD,,Referral,New,,,,,005Ec000004oBPNIA2,,,,,,1,2024-01-22T20:36:47.000+0000,005Ec000004oBPNIA2,2024-01-22T20:36:47.000+0000,005Ec000004oBPNIA2,2024-01-23T17:49:49.000+0000,2022-06-06,,,,,,,,,,crm_lead_11,a00Ec000009WFutIAG,739404367,female
00QEc00000BBaejMAD,,,Clark,Leslie,Ms.,Leslie Clark,,001Ec00000GINb1IAH,68243 Valenzuela Road,Lake Melissa,ME,95407,US,,,,"{""city"":""Lake Melissa"",""country"":""US"",""geocodeAccuracy"":null,""latitude"":null,""longitude"":null,""postalCode"":""95407"",""state"":""ME"",""street"":""68243 Valenzuela Road""}",9990129849,leslie.clark@example.com,,/services/images/photo/00QEc00000BBaejMAD,,Cold Call,Working,,,,,005Ec000004oBPNIA2,,,,,,1,2024-01-22T20:36:47.000+0000,005Ec000004oBPNIA2,2024-01-22T20:36:47.000+0000,005Ec000004oBPNIA2,2024-01-22T20:36:47.000+0000,,,,,,,,,,,crm_lead_12,a00Ec000009WFurIAG,6560064425,female
00QEc00000BBaekMAD,,,Ross,Rita,Mr.,Rita Ross,,001Ec00000GINb1IAH,5449 Melissa Route Suite 932,Philipberg,HI,63867,US,,,,"{""city"":""Philipberg"",""country"":""US"",""geocodeAccuracy"":null,""latitude"":null,""longitude"":null,""postalCode"":""63867"",""state"":""HI"",""street"":""5449 Melissa Route Suite 932""}",8848477153,rita.ross@example.com,,/services/images/photo/00QEc00000BBaekMAD,,Referral,New,,,,,005Ec000004oBPNIA2,,,,,,1,2024-01-22T20:36:47.000+0000,005Ec000004oBPNIA2,2024-01-22T20:36:47.000+0000,005Ec000004oBPNIA2,2024-01-22T20:36:47.000+0000,,,,,,,,,,,crm_lead_13,a00Ec000009WFusIAG,6954065886,female
00QEc00000BBaelMAD,,,Morris,Brian,Mr.,Brian Morris,,001Ec00000GINb1IAH,9842 Perry Meadows,Christopherfurt,LA,30299,US,,,,"{""city"":""Christopherfurt"",""country"":""US"",""geocodeAccuracy"":null,""latitude"":null,""longitude"":null,""postalCode"":""30299"",""state"":""LA"",""street"":""9842 Perry Meadows""}",7522553660,brian.morris@example.com,,/services/images/photo/00QEc00000BBaelMAD,,Referral,Qualified,,,,,005Ec000004oBPNIA2,,,,,,1,2024-01-22T20:36:47.000+0000,005Ec000004oBPNIA2,2024-01-22T20:36:47.000+0000,005Ec000004oBPNIA2,2024-01-22T20:36:47.000+0000,,,,,,,,,,,crm_lead_14,a00Ec000009WFuqIAG,1604348749,male
00QEc00000BBaemMAD,,,Baker,Erin,Dr.,Erin Baker,,001Ec00000GINb1IAH,963 Aaron Port Apt. 011,Helenville,MP,70507,US,,,,"{""city"":""Helenville"",""country"":""US"",""geocodeAccuracy"":null,""latitude"":null,""longitude"":null,""postalCode"":""70507"",""state"":""MP"",""street"":""963 Aaron Port Apt. 011""}",4346161258,erin.baker@example.com,,/services/images/photo/00QEc00000BBaemMAD,,Cold Call,Working,,,,,005Ec000004oBPNIA2,,,,,,1,2024-01-22T20:36:47.000+0000,005Ec000004oBPNIA2,2024-01-22T20:36:47.000+0000,005Ec000004oBPNIA2,2024-01-23T17:49:49.000+0000,2022-06-25,,,,,,,,,,crm_lead_15,a00Ec000009WFusIAG,2324287712,female
00QEc00000BBaenMAD,,,Wiley,Luis,Dr.,Luis Wiley,,001Ec00000GINb1IAH,59968 Robbins Spur,Dianaburgh,VA,61968,US,,,,"{""city"":""Dianaburgh"",""country"":""US"",""geocodeAccuracy"":null,""latitude"":null,""longitude"":null,""postalCode"":""61968"",""state"":""VA"",""street"":""59968 Robbins Spur""}",7049775688,luis.wiley@example.com,,/services/images/photo/00QEc00000BBaenMAD,,Referral,New,,,,,005Ec000004oBPNIA2,,,,,,1,2024-01-22T20:36:47.000+0000,005Ec000004oBPNIA2,2024-01-22T20:36:47.000+0000,005Ec000004oBPNIA2,2024-01-23T17:49:49.000+0000,2022-10-15,,,,,,,,,,crm_lead_16,a00Ec000009WFusIAG,6437711341,male
00QEc00000BBaeoMAD,,,Ellis,Joseph,Mrs.,Joseph Ellis,,001Ec00000GINb1IAH,46303 Don Drive Apt. 384,New Steven,OH,1820,US,,,,"{""city"":""New Steven"",""country"":""US"",""geocodeAccuracy"":null,""latitude"":null,""longitude"":null,""postalCode"":""1820"",""state"":""OH"",""street"":""46303 Don Drive Apt. 384""}",6160463165,joseph.ellis@example.com,,/services/images/photo/00QEc00000BBaeoMAD,,Online Form,Qualified,,,,,005Ec000004oBPNIA2,,,,,,1,2024-01-22T20:36:47.000+0000,005Ec000004oBPNIA2,2024-01-22T20:36:47.000+0000,005Ec000004oBPNIA2,2024-01-22T20:36:47.000+0000,,,,,,,,,,,crm_lead_17,a00Ec000009WFupIAG,1745584886,male
00QEc00000BBaepMAD,,,Kim,Rick,Ms.,Rick Kim,,001Ec00000GINb1IAH,7244 Santiago Burgs,South Eric,IN,81445,US,,,,"{""city"":""South Eric"",""country"":""US"",""geocodeAccuracy"":null,""latitude"":null,""longitude"":null,""postalCode"":""81445"",""state"":""IN"",""street"":""7244 Santiago Burgs""}",833244360,rick.kim@example.com,,/services/images/photo/00QEc00000BBaepMAD,,Cold Call,New,,,,,005Ec000004oBPNIA2,,,,,,1,2024-01-22T20:36:47.000+0000,005Ec000004oBPNIA2,2024-01-22T20:36:47.000+0000,005Ec000004oBPNIA2,2024-01-22T20:36:47.000+0000,,,,,,,,,,,crm_lead_18,a00Ec000009WFurIAG,453654306,male
00QEc00000BBaeqMAD,,,Smith,Kyle,Mr.,Kyle Smith,,001Ec00000GINb1IAH,2090 Marshall Manor,South Lauren,KS,17064,US,,,,"{""city"":""South Lauren"",""country"":""US"",""geocodeAccuracy"":null,""latitude"":null,""longitude"":null,""postalCode"":""17064"",""state"":""KS"",""street"":""2090 Marshall Manor""}",2148854178,kyle.smith@example.com,,/services/images/photo/00QEc00000BBaeqMAD,,Referral,New,,,,,005Ec000004oBPNIA2,,,,,,1,2024-01-22T20:36:47.000+0000,005Ec000004oBPNIA2,2024-01-22T20:36:47.000+0000,005Ec000004oBPNIA2,2024-01-23T17:49:49.000+0000,2023-08-04,,,,,,,,,,crm_lead_19,a00Ec000009WFurIAG,8190140420,male
00QEc00000BBaerMAD,,,Horton,Richard,Dr.,Richard Horton,,001Ec00000GINb1IAH,5406 Pratt Lakes,Port Marieport,PA,25201,US,,,,"{""city"":""Port Marieport"",""country"":""US"",""geocodeAccuracy"":null,""latitude"":null,""longitude"":null,""postalCode"":""25201"",""state"":""PA"",""street"":""5406 Pratt Lakes""}",6509545467,richard.horton@example.com,,/services/images/photo/00QEc00000BBaerMAD,,Cold Call,Working,,,,,005Ec000004oBPNIA2,,,,,,1,2024-01-22T20:36:47.000+0000,005Ec000004oBPNIA2,2024-01-22T20:36:47.000+0000,005Ec000004oBPNIA2,2024-01-23T17:49:49.000+0000,2022-04-09,,,,,,,,,,crm_lead_20,a00Ec000009WFurIAG,7972979546,male
00QEc00000BBaesMAD,,,Peterson,Jeffrey,Ms.,Jeffrey Peterson,,001Ec00000GINb1IAH,5570 Hughes Junctions,Jacksonchester,FL,63833,US,,,,"{""city"":""Jacksonchester"",""country"":""US"",""geocodeAccuracy"":null,""latitude"":null,""longitude"":null,""postalCode"":""63833"",""state"":""FL"",""street"":""5570 Hughes Junctions""}",5114912051,jeffrey.peterson@example.com,,/services/images/photo/00QEc00000BBaesMAD,,Cold Call,Qualified,,,,,005Ec000004oBPNIA2,,,,,,1,2024-01-22T20:36:47.000+0000,005Ec000004oBPNIA2,2024-01-22T20:36:47.000+0000,005Ec000004oBPNIA2,2024-01-23T17:49:49.000+0000,2022-09-17,,,,,,,,,,crm_lead_21,a00Ec000009WFuqIAG,9257822334,male
00QEc00000BBaetMAD,,,Simmons,Lindsay,Dr.,Lindsay Simmons,,001Ec00000GINb1IAH,34856 Jackson Forest,Starkfurt,GU,6949,US,,,,"{""city"":""Starkfurt"",""country"":""US"",""geocodeAccuracy"":null,""latitude"":null,""longitude"":null,""postalCode"":""6949"",""state"":""GU"",""street"":""34856 Jackson Forest""}",5416226079,lindsay.simmons@example.com,,/services/images/photo/00QEc00000BBaetMAD,,Referral,New,,,,,005Ec000004oBPNIA2,,,,,,1,2024-01-22T20:36:47.000+0000,005Ec000004oBPNIA2,2024-01-22T20:36:47.000+0000,005Ec000004oBPNIA2,2024-01-22T20:36:47.000+0000,,,,,,,,,,,crm_lead_22,a00Ec000009WFupIAG,180697128,female
00QEc00000BBaeuMAD,,,Jones,Sherry,Ms.,Sherry Jones,,001Ec00000GINb1IAH,212 Sean Lock,Lake Kristopher,KS,78889,US,,,,"{""city"":""Lake Kristopher"",""country"":""US"",""geocodeAccuracy"":null,""latitude"":null,""longitude"":null,""postalCode"":""78889"",""state"":""KS"",""street"":""212 Sean Lock""}",3180701046,sherry.jones@example.com,,/services/images/photo/00QEc00000BBaeuMAD,,Referral,New,,,,,005Ec000004oBPNIA2,,,,,,1,2024-01-22T20:36:47.000+0000,005Ec000004oBPNIA2,2024-01-22T20:36:47.000+0000,005Ec000004oBPNIA2,2024-01-23T17:49:49.000+0000,2022-04-07,,,,,,,,,,crm_lead_23,a00Ec000009WFuqIAG,1274018489,female
00QEc00000BBaevMAD,,,Robinson,Bruce,Mrs.,Bruce Robinson,,001Ec00000GINb1IAH,55990 Clark Inlet Apt. 005,North Charles,DC,81365,US,,,,"{""city"":""North Charles"",""country"":""US"",""geocodeAccuracy"":null,""latitude"":null,""longitude"":null,""postalCode"":""81365"",""state"":""DC"",""street"":""55990 Clark Inlet Apt. 005""}",8741595864,bruce.robinson@example.com,,/services/images/photo/00QEc00000BBaevMAD,,Cold Call,Qualified,,,,,005Ec000004oBPNIA2,,,,,,1,2024-01-22T20:36:47.000+0000,005Ec000004oBPNIA2,2024-01-22T20:36:47.000+0000,005Ec000004oBPNIA2,2024-01-23T17:49:49.000+0000,2023-05-03,,,,,,,,,,crm_lead_24,a00Ec000009WFurIAG,9055233972,male
00QEc00000BBaewMAD,,,Orozco,Lauren,Ms.,Lauren Orozco,,001Ec00000GINb1IAH,89577 Jacqueline Cove,Lake Haleyport,TX,61089,US,,,,"{""city"":""Lake Haleyport"",""country"":""US"",""geocodeAccuracy"":null,""latitude"":null,""longitude"":null,""postalCode"":""61089"",""state"":""TX"",""street"":""89577 Jacqueline Cove""}",482753810,lauren.orozco@example.com,,/services/images/photo/00QEc00000BBaewMAD,,Referral,Working,,,,,005Ec000004oBPNIA2,,,,,,1,2024-01-22T20:36:47.000+0000,005Ec000004oBPNIA2,2024-01-22T20:36:47.000+0000,005Ec000004oBPNIA2,2024-01-22T20:36:47.000+0000,,,,,,,,,,,crm_lead_25,a00Ec000009WFuqIAG,8832994793,female
00QEc00000BBaexMAD,,,Thompson,Michael,Dr.,Michael Thompson,,001Ec00000GINb1IAH,80468 Jones Loaf,Rodgerston,PW,31591,US,,,,"{""city"":""Rodgerston"",""country"":""US"",""geocodeAccuracy"":null,""latitude"":null,""longitude"":null,""postalCode"":""31591"",""state"":""PW"",""street"":""80468 Jones Loaf""}",1464628384,michael.thompson@example.com,,/services/images/photo/00QEc00000BBaexMAD,,Cold Call,Qualified,,,,,005Ec000004oBPNIA2,,,,,,1,2024-01-22T20:36:47.000+0000,005Ec000004oBPNIA2,2024-01-22T20:36:47.000+0000,005Ec000004oBPNIA2,2024-01-22T20:36:47.000+0000,,,,,,,,,,,crm_lead_26,a00Ec000009WFuqIAG,6302995759,male
00QEc00000BBaeyMAD,,,Pierce,Michael,Mr.,Michael Pierce,,001Ec00000GINb1IAH,3080 Shawn Rue,Rogerside,KS,18981,US,,,,"{""city"":""Rogerside"",""country"":""US"",""geocodeAccuracy"":null,""latitude"":null,""longitude"":null,""postalCode"":""18981"",""state"":""KS"",""street"":""3080 Shawn Rue""}",6024080382,michael.pierce@example.com,,/services/images/photo/00QEc00000BBaeyMAD,,Referral,Qualified,,,,,005Ec000004oBPNIA2,,,,,,1,2024-01-22T20:36:47.000+0000,005Ec000004oBPNIA2,2024-01-22T20:36:47.000+0000,005Ec000004oBPNIA2,2024-01-22T20:36:47.000+0000,,,,,,,,,,,crm_lead_27,a00Ec000009WFupIAG,2642375252,male
00QEc00000BBaezMAD,,,Jefferson,Jennifer,Mr.,Jennifer Jefferson,,001Ec00000GINb1IAH,973 Adams Courts,East Olivia,CT,30405,US,,,,"{""city"":""East Olivia"",""country"":""US"",""geocodeAccuracy"":null,""latitude"":null,""longitude"":null,""postalCode"":""30405"",""state"":""CT"",""street"":""973 Adams Courts""}",5934108472,jennifer.jefferson@example.com,,/services/images/photo/00QEc00000BBaezMAD,,Referral,Qualified,,,,,005Ec000004oBPNIA2,,,,,,1,2024-01-22T20:36:47.000+0000,005Ec000004oBPNIA2,2024-01-22T20:36:47.000+0000,005Ec000004oBPNIA2,2024-01-23T17:49:49.000+0000,2023-11-29,,,,,,,,,,crm_lead_28,a00Ec000009WFutIAG,4320390518,female
00QEc00000BBaf0MAD,,,Jones,Amber,Dr.,Amber Jones,,001Ec00000GINb1IAH,20906 Juan Center Apt. 582,Henryfort,FM,14360,US,,,,"{""city"":""Henryfort"",""country"":""US"",""geocodeAccuracy"":null,""latitude"":null,""longitude"":null,""postalCode"":""14360"",""state"":""FM"",""street"":""20906 Juan Center Apt. 582""}",3559271886,amber.jones@example.com,,/services/images/photo/00QEc00000BBaf0MAD,,Cold Call,New,,,,,005Ec000004oBPNIA2,,,,,,1,2024-01-22T20:36:47.000+0000,005Ec000004oBPNIA2,2024-01-22T20:36:47.000+0000,005Ec000004oBPNIA2,2024-01-23T17:49:49.000+0000,2022-01-28,,,,,,,,,,crm_lead_29,a00Ec000009WFutIAG,6163163337,female
00QEc00000BBaf1MAD,,,Ortega,Samantha,Dr.,Samantha Ortega,,001Ec00000GINb1IAH,772 Brian Burg,Martinmouth,IA,46117,US,,,,"{""city"":""Martinmouth"",""country"":""US"",""geocodeAccuracy"":null,""latitude"":null,""longitude"":null,""postalCode"":""46117"",""state"":""IA"",""street"":""772 Brian Burg""}",7082930376,samantha.ortega@example.com,,/services/images/photo/00QEc00000BBaf1MAD,,Referral,Qualified,,,,,005Ec000004oBPNIA2,,,,,,1,2024-01-22T20:36:47.000+0000,005Ec000004oBPNIA2,2024-01-22T20:36:47.000+0000,005Ec000004oBPNIA2,2024-01-23T17:49:49.000+0000,2021-11-19,,,,,,,,,,crm_lead_30,a00Ec000009WFusIAG,7526082215,female
00QEc00000BBaf2MAD,,,Patterson,Charles,Ms.,Charles Patterson,,001Ec00000GINb1IAH,02222 Briana Lock Suite 491,Laurafurt,PA,24231,US,,,,"{""city"":""Laurafurt"",""country"":""US"",""geocodeAccuracy"":null,""latitude"":null,""longitude"":null,""postalCode"":""24231"",""state"":""PA"",""street"":""02222 Briana Lock Suite 491""}",1799232937,charles.patterson@example.com,,/services/images/photo/00QEc00000BBaf2MAD,,Referral,New,,,,,005Ec000004oBPNIA2,,,,,,1,2024-01-22T20:36:47.000+0000,005Ec000004oBPNIA2,2024-01-22T20:36:47.000+0000,005Ec000004oBPNIA2,2024-01-22T20:36:47.000+0000,,,,,,,,,,,crm_lead_31,a00Ec000009WFuqIAG,9142695379,male
00QEc00000BBaf3MAD,,,Henderson,Andrew,Mr.,Andrew Henderson,,001Ec00000GINb1IAH,4079 Rhodes Road,East Waltertown,SC,54682,US,,,,"{""city"":""East Waltertown"",""country"":""US"",""geocodeAccuracy"":null,""latitude"":null,""longitude"":null,""postalCode"":""54682"",""state"":""SC"",""street"":""4079 Rhodes Road""}",5456793107,andrew.henderson@example.com,,/services/images/photo/00QEc00000BBaf3MAD,,Online Form,Working,,,,,005Ec000004oBPNIA2,,,,,,1,2024-01-22T20:36:47.000+0000,005Ec000004oBPNIA2,2024-01-22T20:36:47.000+0000,005Ec000004oBPNIA2,2024-01-22T20:36:47.000+0000,,,,,,,,,,,crm_lead_32,a00Ec000009WFurIAG,2006386371,male
00QEc00000BBaf4MAD,,,Harding,Daniel,Ms.,Daniel Harding,,001Ec00000GINb1IAH,6914 Dennis Parks Suite 116,Butlerside,WI,63043,US,,,,"{""city"":""Butlerside"",""country"":""US"",""geocodeAccuracy"":null,""latitude"":null,""longitude"":null,""postalCode"":""63043"",""state"":""WI"",""street"":""6914 Dennis Parks Suite 116""}",3348522172,daniel.harding@example.com,,/services/images/photo/00QEc00000BBaf4MAD,,Cold Call,New,,,,,005Ec000004oBPNIA2,,,,,,1,2024-01-22T20:36:47.000+0000,005Ec000004oBPNIA2,2024-01-22T20:36:47.000+0000,005Ec000004oBPNIA2,2024-01-22T20:36:47.000+0000,,,,,,,,,,,crm_lead_33,a00Ec000009WFutIAG,2837437167,male
00QEc00000BBaf5MAD,,,Anderson,Angel,Ms.,Angel Anderson,,001Ec00000GINb1IAH,67839 Jordan Ports,West Angelaland,SD,22697,US,,,,"{""city"":""West Angelaland"",""country"":""US"",""geocodeAccuracy"":null,""latitude"":null,""longitude"":null,""postalCode"":""22697"",""state"":""SD"",""street"":""67839 Jordan Ports""}",1992103880,angel.anderson@example.com,,/services/images/photo/00QEc00000BBaf5MAD,,Referral,New,,,,,005Ec000004oBPNIA2,,,,,,1,2024-01-22T20:36:47.000+0000,005Ec000004oBPNIA2,2024-01-22T20:36:47.000+0000,005Ec000004oBPNIA2,2024-01-22T20:36:47.000+0000,,,,,,,,,,,crm_lead_34,a00Ec000009WFuqIAG,4140920367,male
00QEc00000BBaf6MAD,,,Morton,Michael,Ms.,Michael Morton,,001Ec00000GINb1IAH,15054 Foster Vista,Angelicaview,IA,37476,US,,,,"{""city"":""Angelicaview"",""country"":""US"",""geocodeAccuracy"":null,""latitude"":null,""longitude"":null,""postalCode"":""37476"",""state"":""IA"",""street"":""15054 Foster Vista""}",1442614479,michael.morton@example.com,,/services/images/photo/00QEc00000BBaf6MAD,,Online Form,Qualified,,,,,005Ec000004oBPNIA2,,,,,,1,2024-01-22T20:36:47.000+0000,005Ec000004oBPNIA2,2024-01-22T20:36:47.000+0000,005Ec000004oBPNIA2,2024-01-22T20:36:47.000+0000,,,,,,,,,,,crm_lead_35,a00Ec000009WFusIAG,1511751189,male
00QEc00000BBaf7MAD,,,Thompson,Kim,Ms.,Kim Thompson,,001Ec00000GINb1IAH,7407 Nathaniel Knoll Apt. 108,Port Kristenstad,AK,31539,US,,,,"{""city"":""Port Kristenstad"",""country"":""US"",""geocodeAccuracy"":null,""latitude"":null,""longitude"":null,""postalCode"":""31539"",""state"":""AK"",""street"":""7407 Nathaniel Knoll Apt. 108""}",2463048729,kim.thompson@example.com,,/services/images/photo/00QEc00000BBaf7MAD,,Referral,Qualified,,,,,005Ec000004oBPNIA2,,,,,,1,2024-01-22T20:36:47.000+0000,005Ec000004oBPNIA2,2024-01-22T20:36:47.000+0000,005Ec000004oBPNIA2,2024-01-22T20:36:47.000+0000,,,,,,,,,,,crm_lead_36,a00Ec000009WFutIAG,2189169898,female
00QEc00000BBaf8MAD,,,Lopez,Anne,Mr.,Anne Lopez,,001Ec00000GINb1IAH,578 Chad Villages Suite 849,Port Aprilfort,LA,87543,US,,,,"{""city"":""Port Aprilfort"",""country"":""US"",""geocodeAccuracy"":null,""latitude"":null,""longitude"":null,""postalCode"":""87543"",""state"":""LA"",""street"":""578 Chad Villages Suite 849""}",141150363,anne.lopez@example.com,,/services/images/photo/00QEc00000BBaf8MAD,,Cold Call,Qualified,,,,,005Ec000004oBPNIA2,,,,,,1,2024-01-22T20:36:47.000+0000,005Ec000004oBPNIA2,2024-01-22T20:36:47.000+0000,005Ec000004oBPNIA2,2024-01-23T17:49:49.000+0000,2022-12-08,,,,,,,,,,crm_lead_37,a00Ec000009WFutIAG,288492610,female
00QEc00000BBaf9MAD,,,Munoz,Derrick,Dr.,Derrick Munoz,,001Ec00000GINb1IAH,64809 Audrey Curve Apt. 647,Stephanieville,AR,77567,US,,,,"{""city"":""Stephanieville"",""country"":""US"",""geocodeAccuracy"":null,""latitude"":null,""longitude"":null,""postalCode"":""77567"",""state"":""AR"",""street"":""64809 Audrey Curve Apt. 647""}",8891232175,derrick.munoz@example.com,,/services/images/photo/00QEc00000BBaf9MAD,,Cold Call,Working,,,,,005Ec000004oBPNIA2,,,,,,1,2024-01-22T20:36:47.000+0000,005Ec000004oBPNIA2,2024-01-22T20:36:47.000+0000,005Ec000004oBPNIA2,2024-01-22T20:36:47.000+0000,,,,,,,,,,,crm_lead_38,a00Ec000009WFurIAG,2224465409,male
00QEc00000BBafAMAT,,,Morgan,William,Ms.,William Morgan,,001Ec00000GINb1IAH,442 Mason Ranch,Samanthaberg,WV,86728,US,,,,"{""city"":""Samanthaberg"",""country"":""US"",""geocodeAccuracy"":null,""latitude"":null,""longitude"":null,""postalCode"":""86728"",""state"":""WV"",""street"":""442 Mason Ranch""}",2045791147,william.morgan@example.com,,/services/images/photo/00QEc00000BBafAMAT,,Referral,Working,,,,,005Ec000004oBPNIA2,,,,,,1,2024-01-22T20:36:47.000+0000,005Ec000004oBPNIA2,2024-01-22T20:36:47.000+0000,005Ec000004oBPNIA2,2024-01-23T17:49:49.000+0000,2023-01-06,,,,,,,,,,crm_lead_39,a00Ec000009WFurIAG,5649079492,male
00QEc00000BBafBMAT,,,Allen,Natasha,Mr.,Natasha Allen,,001Ec00000GINb1IAH,08478 Brandt Stravenue Suite 916,East Crystal,ID,15341,US,,,,"{""city"":""East Crystal"",""country"":""US"",""geocodeAccuracy"":null,""latitude"":null,""longitude"":null,""postalCode"":""15341"",""state"":""ID"",""street"":""08478 Brandt Stravenue Suite 916""}",7882291982,natasha.allen@example.com,,/services/images/photo/00QEc00000BBafBMAT,,Referral,Qualified,,,,,005Ec000004oBPNIA2,,,,,,1,2024-01-22T20:36:47.000+0000,005Ec000004oBPNIA2,2024-01-22T20:36:47.000+0000,005Ec000004oBPNIA2,2024-01-23T17:49:49.000+0000,2022-12-20,,,,,,,,,,crm_lead_40,a00Ec000009WFusIAG,4983750835,female
00QEc00000BBafCMAT,,,Barry,Bethany,Mrs.,Bethany Barry,,001Ec00000GINb1IAH,616 Patricia Mission,Lopezbury,NY,58645,US,,,,"{""city"":""Lopezbury"",""country"":""US"",""geocodeAccuracy"":null,""latitude"":null,""longitude"":null,""postalCode"":""58645"",""state"":""NY"",""street"":""616 Patricia Mission""}",3036899229,bethany.barry@example.com,,/services/images/photo/00QEc00000BBafCMAT,,Online Form,Working,,,,,005Ec000004oBPNIA2,,,,,,1,2024-01-22T20:36:47.000+0000,005Ec000004oBPNIA2,2024-01-22T20:36:47.000+0000,005Ec000004oBPNIA2,2024-01-23T17:49:49.000+0000,2023-03-21,,,,,,,,,,crm_lead_41,a00Ec000009WFuqIAG,5290146329,female
00QEc00000BBafDMAT,,,Diaz,Judith,Mrs.,Judith Diaz,,001Ec00000GINb1IAH,6634 Brett Cliffs,Kathleentown,OR,48671,US,,,,"{""city"":""Kathleentown"",""country"":""US"",""geocodeAccuracy"":null,""latitude"":null,""longitude"":null,""postalCode"":""48671"",""state"":""OR"",""street"":""6634 Brett Cliffs""}",3233623825,judith.diaz@example.com,,/services/images/photo/00QEc00000BBafDMAT,,Cold Call,New,,,,,005Ec000004oBPNIA2,,,,,,1,2024-01-22T20:36:47.000+0000,005Ec000004oBPNIA2,2024-01-22T20:36:47.000+0000,005Ec000004oBPNIA2,2024-01-22T20:36:47.000+0000,,,,,,,,,,,crm_lead_42,a00Ec000009WFuqIAG,5541587657,female
00QEc00000BBafEMAT,,,Flores,Julie,Ms.,Julie Flores,,001Ec00000GINb1IAH,171 Jessica Forest,Christopherberg,NM,67107,US,,,,"{""city"":""Christopherberg"",""country"":""US"",""geocodeAccuracy"":null,""latitude"":null,""longitude"":null,""postalCode"":""67107"",""state"":""NM"",""street"":""171 Jessica Forest""}",2017728720,julie.flores@example.com,,/services/images/photo/00QEc00000BBafEMAT,,Referral,Working,,,,,005Ec000004oBPNIA2,,,,,,1,2024-01-22T20:36:47.000+0000,005Ec000004oBPNIA2,2024-01-22T20:36:47.000+0000,005Ec000004oBPNIA2,2024-01-22T20:36:47.000+0000,,,,,,,,,,,crm_lead_43,a00Ec000009WFutIAG,5525496010,female
00QEc00000BBafFMAT,,,Phillips,Dawn,Dr.,Dawn Phillips,,001Ec00000GINb1IAH,98995 Ward Gateway Apt. 809,North Brandonbury,MP,50123,US,,,,"{""city"":""North Brandonbury"",""country"":""US"",""geocodeAccuracy"":null,""latitude"":null,""longitude"":null,""postalCode"":""50123"",""state"":""MP"",""street"":""98995 Ward Gateway Apt. 809""}",6182592000,dawn.phillips@example.com,,/services/images/photo/00QEc00000BBafFMAT,,Online Form,Qualified,,,,,005Ec000004oBPNIA2,,,,,,1,2024-01-22T20:36:47.000+0000,005Ec000004oBPNIA2,2024-01-22T20:36:47.000+0000,005Ec000004oBPNIA2,2024-01-23T17:49:49.000+0000,2023-12-01,,,,,,,,,,crm_lead_44,a00Ec000009WFutIAG,982773070,female
00QEc00000BBafGMAT,,,Reed,Melissa,Mrs.,Melissa Reed,,001Ec00000GINb1IAH,012 Jenny Inlet Apt. 796,Acostafort,AK,61911,US,,,,"{""city"":""Acostafort"",""country"":""US"",""geocodeAccuracy"":null,""latitude"":null,""longitude"":null,""postalCode"":""61911"",""state"":""AK"",""street"":""012 Jenny Inlet Apt. 796""}",8854582147,melissa.reed@example.com,,/services/images/photo/00QEc00000BBafGMAT,,Cold Call,New,,,,,005Ec000004oBPNIA2,,,,,,1,2024-01-22T20:36:47.000+0000,005Ec000004oBPNIA2,2024-01-22T20:36:47.000+0000,005Ec000004oBPNIA2,2024-01-22T20:36:47.000+0000,,,,,,,,,,,crm_lead_45,a00Ec000009WFurIAG,9864537563,female
00QEc00000BBafHMAT,,,Williams,Morgan,Dr.,Morgan Williams,,001Ec00000GINb1IAH,135 Williams Run Apt. 956,West Justin,WY,14529,US,,,,"{""city"":""West Justin"",""country"":""US"",""geocodeAccuracy"":null,""latitude"":null,""longitude"":null,""postalCode"":""14529"",""state"":""WY"",""street"":""135 Williams Run Apt. 956""}",3714776171,morgan.williams@example.com,,/services/images/photo/00QEc00000BBafHMAT,,Online Form,Working,,,,,005Ec000004oBPNIA2,,,,,,1,2024-01-22T20:36:47.000+0000,005Ec000004oBPNIA2,2024-01-22T20:36:47.000+0000,005Ec000004oBPNIA2,2024-01-22T20:36:47.000+0000,,,,,,,,,,,crm_lead_46,a00Ec000009WFupIAG,691209878,male
00QEc00000BBafIMAT,,,Melton,Kristen,Dr.,Kristen Melton,,001Ec00000GINb1IAH,395 Short Viaduct Suite 610,Beckbury,DE,46561,US,,,,"{""city"":""Beckbury"",""country"":""US"",""geocodeAccuracy"":null,""latitude"":null,""longitude"":null,""postalCode"":""46561"",""state"":""DE"",""street"":""395 Short Viaduct Suite 610""}",4774244394,kristen.melton@example.com,,/services/images/photo/00QEc00000BBafIMAT,,Cold Call,Qualified,,,,,005Ec000004oBPNIA2,,,,,,1,2024-01-22T20:36:47.000+0000,005Ec000004oBPNIA2,2024-01-22T20:36:47.000+0000,005Ec000004oBPNIA2,2024-01-23T17:49:49.000+0000,2023-09-21,,,,,,,,,,crm_lead_47,a00Ec000009WFusIAG,7812352967,female
00QEc00000BBafJMAT,,,West,Holly,Mr.,Holly West,,001Ec00000GINb1IAH,632 Scott Trail,Jenniferfurt,CA,96207,US,,,,"{""city"":""Jenniferfurt"",""country"":""US"",""geocodeAccuracy"":null,""latitude"":null,""longitude"":null,""postalCode"":""96207"",""state"":""CA"",""street"":""632 Scott Trail""}",983398551,holly.west@example.com,,/services/images/photo/00QEc00000BBafJMAT,,Cold Call,Qualified,,,,,005Ec000004oBPNIA2,,,,,,1,2024-01-22T20:36:47.000+0000,005Ec000004oBPNIA2,2024-01-22T20:36:47.000+0000,005Ec000004oBPNIA2,2024-01-22T20:36:47.000+0000,,,,,,,,,,,crm_lead_48,a00Ec000009WFusIAG,6589879105,female
00QEc00000BBafKMAT,,,Russo,Kathryn,Mrs.,Kathryn Russo,,001Ec00000GINb1IAH,4930 Hughes Avenue,Christopherbury,DC,2103,US,,,,"{""city"":""Christopherbury"",""country"":""US"",""geocodeAccuracy"":null,""latitude"":null,""longitude"":null,""postalCode"":""2103"",""state"":""DC"",""street"":""4930 Hughes Avenue""}",9445673632,kathryn.russo@example.com,,/services/images/photo/00QEc00000BBafKMAT,,Referral,Qualified,,,,,005Ec000004oBPNIA2,,,,,,1,2024-01-22T20:36:47.000+0000,005Ec000004oBPNIA2,2024-01-22T20:36:47.000+0000,005Ec000004oBPNIA2,2024-01-23T17:49:49.000+0000,2023-03-23,,,,,,,,,,crm_lead_49,a00Ec000009WFusIAG,4553261112,female
00QEc00000BBafLMAT,,,Anderson,Ryan,Ms.,Ryan Anderson,,001Ec00000GINb1IAH,889 Justin Trace,New Eric,SD,99808,US,,,,"{""city"":""New Eric"",""country"":""US"",""geocodeAccuracy"":null,""latitude"":null,""longitude"":null,""postalCode"":""99808"",""state"":""SD"",""street"":""889 Justin Trace""}",4508817345,ryan.anderson@example.com,,/services/images/photo/00QEc00000BBafLMAT,,Online Form,Qualified,,,,,005Ec000004oBPNIA2,,,,,,1,2024-01-22T20:36:47.000+0000,005Ec000004oBPNIA2,2024-01-22T20:36:47.000+0000,005Ec000004oBPNIA2,2024-01-22T20:36:47.000+0000,,,,,,,,,,,crm_lead_50,a00Ec000009WFutIAG,5957643186,male
00QEc00000BBafMMAT,,,Wilson,James,Mr.,James Wilson,,001Ec00000GINb1IAH,2563 Friedman Tunnel Apt. 582,Moraville,GU,40411,US,,,,"{""city"":""Moraville"",""country"":""US"",""geocodeAccuracy"":null,""latitude"":null,""longitude"":null,""postalCode"":""40411"",""state"":""GU"",""street"":""2563 Friedman Tunnel Apt. 582""}",2648471089,james.wilson@example.com,,/services/images/photo/00QEc00000BBafMMAT,,Referral,New,,,,,005Ec000004oBPNIA2,,,,,,1,2024-01-22T20:36:47.000+0000,005Ec000004oBPNIA2,2024-01-22T20:36:47.000+0000,005Ec000004oBPNIA2,2024-01-22T20:36:47.000+0000,,,,,,,,,,,crm_lead_51,a00Ec000009WFurIAG,1464050510,male
00QEc00000BBafNMAT,,,Jones,Christopher,Dr.,Christopher Jones,,001Ec00000GINb1IAH,59018 Vega Branch,Richardside,WV,1766,US,,,,"{""city"":""Richardside"",""country"":""US"",""geocodeAccuracy"":null,""latitude"":null,""longitude"":null,""postalCode"":""1766"",""state"":""WV"",""street"":""59018 Vega Branch""}",4295068300,christopher.jones@example.com,,/services/images/photo/00QEc00000BBafNMAT,,Cold Call,Working,,,,,005Ec000004oBPNIA2,,,,,,1,2024-01-22T20:36:47.000+0000,005Ec000004oBPNIA2,2024-01-22T20:36:47.000+0000,005Ec000004oBPNIA2,2024-01-23T17:49:49.000+0000,2022-10-02,,,,,,,,,,crm_lead_52,a00Ec000009WFutIAG,2298941714,male
00QEc00000BBafOMAT,,,Diaz,David,Ms.,David Diaz,,001Ec00000GINb1IAH,5648 Russell Gardens Suite 918,East Dawn,UT,1915,US,,,,"{""city"":""East Dawn"",""country"":""US"",""geocodeAccuracy"":null,""latitude"":null,""longitude"":null,""postalCode"":""1915"",""state"":""UT"",""street"":""5648 Russell Gardens Suite 918""}",7835760955,david.diaz@example.com,,/services/images/photo/00QEc00000BBafOMAT,,Cold Call,Working,,,,,005Ec000004oBPNIA2,,,,,,1,2024-01-22T20:36:47.000+0000,005Ec000004oBPNIA2,2024-01-22T20:36:47.000+0000,005Ec000004oBPNIA2,2024-01-22T20:36:47.000+0000,,,,,,,,,,,crm_lead_53,a00Ec000009WFupIAG,7622743452,male
00QEc00000BBafPMAT,,,Cook,Kathleen,Mrs.,Kathleen Cook,,001Ec00000GINb1IAH,8476 Francisco Drive,Dudleyhaven,NC,31496,US,,,,"{""city"":""Dudleyhaven"",""country"":""US"",""geocodeAccuracy"":null,""latitude"":null,""longitude"":null,""postalCode"":""31496"",""state"":""NC"",""street"":""8476 Francisco Drive""}",9433265051,kathleen.cook@example.com,,/services/images/photo/00QEc00000BBafPMAT,,Cold Call,New,,,,,005Ec000004oBPNIA2,,,,,,1,2024-01-22T20:36:47.000+0000,005Ec000004oBPNIA2,2024-01-22T20:36:47.000+0000,005Ec000004oBPNIA2,2024-01-22T20:36:47.000+0000,,,,,,,,,,,crm_lead_54,a00Ec000009WFusIAG,6676552382,female
00QEc00000BBafQMAT,,,Kim,Heidi,Mr.,Heidi Kim,,001Ec00000GINb1IAH,8474 Turner Cape,West Matthewborough,GU,82645,US,,,,"{""city"":""West Matthewborough"",""country"":""US"",""geocodeAccuracy"":null,""latitude"":null,""longitude"":null,""postalCode"":""82645"",""state"":""GU"",""street"":""8474 Turner Cape""}",9169518980,heidi.kim@example.com,,/services/images/photo/00QEc00000BBafQMAT,,Cold Call,Qualified,,,,,005Ec000004oBPNIA2,,,,,,1,2024-01-22T20:36:47.000+0000,005Ec000004oBPNIA2,2024-01-22T20:36:47.000+0000,005Ec000004oBPNIA2,2024-01-22T20:36:47.000+0000,,,,,,,,,,,crm_lead_55,a00Ec000009WFupIAG,5848693556,female
00QEc00000BBafRMAT,,,Parks,Daniel,Mr.,Daniel Parks,,001Ec00000GINb1IAH,524 Mary Skyway,New Catherine,KY,72802,US,,,,"{""city"":""New Catherine"",""country"":""US"",""geocodeAccuracy"":null,""latitude"":null,""longitude"":null,""postalCode"":""72802"",""state"":""KY"",""street"":""524 Mary Skyway""}",9881185322,daniel.parks@example.com,,/services/images/photo/00QEc00000BBafRMAT,,Online Form,New,,,,,005Ec000004oBPNIA2,,,,,,1,2024-01-22T20:36:47.000+0000,005Ec000004oBPNIA2,2024-01-22T20:36:47.000+0000,005Ec000004oBPNIA2,2024-01-22T20:36:47.000+0000,,,,,,,,,,,crm_lead_56,a00Ec000009WFusIAG,991893,male
00QEc00000BBafSMAT,,,Baird,William,Dr.,William Baird,,001Ec00000GINb1IAH,7420 Bowman Rapids,West Amandaborough,MO,10927,US,,,,"{""city"":""West Amandaborough"",""country"":""US"",""geocodeAccuracy"":null,""latitude"":null,""longitude"":null,""postalCode"":""10927"",""state"":""MO"",""street"":""7420 Bowman Rapids""}",7049627821,william.baird@example.com,,/services/images/photo/00QEc00000BBafSMAT,,Cold Call,New,,,,,005Ec000004oBPNIA2,,,,,,1,2024-01-22T20:36:47.000+0000,005Ec000004oBPNIA2,2024-01-22T20:36:47.000+0000,005Ec000004oBPNIA2,2024-01-22T20:36:47.000+0000,,,,,,,,,,,crm_lead_57,a00Ec000009WFupIAG,9462687021,male
00QEc00000BBafTMAT,,,Keith,James,Mrs.,James Keith,,001Ec00000GINb1IAH,43807 Lawrence Passage,Pettyland,CT,62541,US,,,,"{""city"":""Pettyland"",""country"":""US"",""geocodeAccuracy"":null,""latitude"":null,""longitude"":null,""postalCode"":""62541"",""state"":""CT"",""street"":""43807 Lawrence Passage""}",8848655317,james.keith@example.com,,/services/images/photo/00QEc00000BBafTMAT,,Referral,New,,,,,005Ec000004oBPNIA2,,,,,,1,2024-01-22T20:36:47.000+0000,005Ec000004oBPNIA2,2024-01-22T20:36:47.000+0000,005Ec000004oBPNIA2,2024-01-22T20:36:47.000+0000,,,,,,,,,,,crm_lead_58,a00Ec000009WFupIAG,2429451074,male
00QEc00000BBafUMAT,,,Rivera,Jo,Dr.,Jo Rivera,,001Ec00000GINb1IAH,765 Andrew Corners Suite 938,Lopezview,NV,73847,US,,,,"{""city"":""Lopezview"",""country"":""US"",""geocodeAccuracy"":null,""latitude"":null,""longitude"":null,""postalCode"":""73847"",""state"":""NV"",""street"":""765 Andrew Corners Suite 938""}",1913564036,jo.rivera@example.com,,/services/images/photo/00QEc00000BBafUMAT,,Online Form,Qualified,,,,,005Ec000004oBPNIA2,,,,,,1,2024-01-22T20:36:47.000+0000,005Ec000004oBPNIA2,2024-01-22T20:36:47.000+0000,005Ec000004oBPNIA2,2024-01-23T17:49:49.000+0000,2023-01-03,,,,,,,,,,crm_lead_59,a00Ec000009WFutIAG,3079660614,female
